,price,area,bedrooms,latitude,longitude
0,24.0,40,4.0,20.8375079,106.7006624
1,10.5,42,3.0,21.0308599,105.8166626
2,6.5,22,3.0,21.0403773,105.8463581
3,14.6,42,4.0,21.0293108,105.8400223
4,15.0,55,6.0,21.0257605,105.8130654
5,65.0,100,10.0,21.0382278,105.8104991
6,70.0,100,1.0,21.0401934,105.8477013
7,9.2,35,3.0,21.0350221,105.8237481
8,7.25,47,4.0,21.0132247,105.8356425
10,15.0,46,6.0,21.0350221,105.8237481
11,7.6,16,2.0,21.0299786,105.8400632
12,18.0,52,7.0,21.0350221,105.8237481
13,49.0,70,1.0,21.0460215,105.8410062
14,17.0,50,7.0,10.7508081,106.6757438
15,10.0,48,4.0,21.0308599,105.8166626
16,15.0,55,3.0,10.7508081,106.6757438
17,20.0,55,3.0,21.0308599,105.8166626
18,10.5,37,3.0,21.034913,105.81013
19,9.9,30,3.0,21.0350221,105.8237481
21,11.0,57,4.0,21.0308599,105.8166626
22,16.4,59,4.0,21.0202025,105.8075809
23,16.3,60,4.0,21.021617,105.8119248
24,65.0,100,5.0,20.8375079,106.7006624
25,7.95,40,3.0,21.0340746,105.8271402
26,16.8,53,3.0,21.0267835,105.8178095
27,16.0,48,5.0,21.0308599,105.8166626
28,165.0,121,40.0,21.0467453,105.8438118
29,15.5,52,5.0,21.0267835,105.8178095
30,14.85,30,3.0,21.0401934,105.8477013
31,5.9,20,3.0,21.0350221,105.8237481
32,113.0,145,4.0,21.0350221,105.8237481
33,35.0,115,26.0,21.060668,105.7731226
34,9.7,35,3.0,21.0350221,105.8237481
35,5.95,22,2.0,21.0350221,105.8237481
36,4.0,25,2.0,21.0350221,105.8237481
37,21.9,70,4.0,10.7508081,106.6757438
38,69.5,295,6.0,21.0308599,105.8166626
39,10.9,30,3.0,21.0308599,105.8166626
40,6.5,22,3.0,21.0350221,105.8237481
41,41.6,120,28.0,10.7508081,106.6757438
43,48.0,156,32.0,21.0382278,105.8104991
44,46.0,145,27.0,21.0267835,105.8178095
45,51.0,163,32.0,21.0257605,105.8130654
46,54.0,171,32.0,10.7508081,106.6757438
47,55.0,186,22.0,21.0183256,105.8160795
48,57.0,191,32.0,21.0308599,105.8166626
49,66.0,207,44.0,21.0267835,105.8178095
50,68.0,213,44.0,21.0382278,105.8104991
51,73.0,226,44.0,21.0257605,105.8130654
52,79.0,238,44.0,10.7508081,106.6757438
53,86.0,246,5.0,21.0308599,105.8166626
54,82.0,246,44.0,21.0183256,105.8160795
55,91.0,266,44.0,21.0267835,105.8178095
56,34.0,111,21.0,10.7508081,106.6757438
57,29.0,102,21.0,21.0257605,105.8130654
58,44.0,122,21.0,21.0183256,105.8160795
59,47.0,136,22.0,21.0308599,105.8166626
60,220.0,282,5.0,21.0422751,105.848001
61,330.0,486,11.0,21.0443736,105.8128943
62,190.0,268,9.0,21.0359363,105.81262
63,225.0,468,10.0,21.0308599,105.8166626
64,250.0,380,9.0,21.0466514,105.8413703
65,190.0,288,10.0,15.9932234,108.2058619
66,165.0,239,8.0,21.033437,105.8137813
67,150.0,233,14.0,21.0382278,105.8104991
68,190.0,280,10.0,21.0267835,105.8178095
69,118.0,236,10.0,21.0257605,105.8130654
70,115.0,192,18.0,21.043082,105.8401641
71,130.0,210,9.0,21.0460215,105.8410062
72,195.0,295,25.0,21.0272991,105.8150091
73,190.0,300,10.0,19.8279264,105.7779134
74,210.0,279,13.0,21.044622,105.8444895
75,190.0,310,10.0,21.0458507,105.8409379
76,250.0,368,11.0,21.0293108,105.8400223
77,163.0,222,9.0,10.8119203,106.6861257
78,185.0,255,5.0,21.0430021,105.8438878
79,205.0,296,9.0,21.0332658,105.8112743
80,197.0,307,20.0,21.0282997,105.8104201
81,166.0,259,9.0,21.0294939,105.8232176
82,185.0,279,12.0,10.8440955,106.7746845
83,198.0,315,22.0,21.0414147,105.8456775
84,195.0,336,10.0,21.141215,105.5045518
85,185.0,269,9.0,21.0403773,105.8463581
86,175.0,286,11.0,21.0293758,105.8208969
87,168.0,283,1.0,21.0338223,105.8436318
88,182.0,265,11.0,21.0460315,105.840049
89,152.0,226,12.0,21.0321002,105.8337335
90,235.0,288,9.0,21.0338877,105.8171576
91,195.0,280,10.0,21.0482127,105.8409282
92,225.0,307,11.0,21.0428792,105.8083381
93,235.0,386,11.0,20.8375079,106.7006624
94,180.0,254,12.0,21.0299786,105.8400632
95,158.0,220,11.0,21.0432853,105.8444143
96,285.0,550,15.0,21.0467453,105.8438118
97,455.0,668,18.0,21.0445208,105.8423167
98,145.0,210,9.0,10.7508081,106.6757438
99,168.0,259,10.0,21.0422493,105.8413123
100,250.0,320,20.0,21.0304301,105.8413237
101,215.0,300,9.0,21.0420546,105.8380335
102,235.0,366,9.0,21.060668,105.7731226
103,250.0,380,11.0,21.142851,105.5069201
104,185.0,265,9.0,21.0340746,105.8271402
105,179.0,258,10.0,21.0257605,105.8130654
106,220.0,450,10.0,21.0401934,105.8477013
107,210.0,380,10.0,21.0417288,105.8449772
108,280.0,450,10.0,21.0422751,105.848001
109,250.0,430,11.0,21.0443736,105.8128943
110,265.0,383,12.0,21.0359363,105.81262
111,285.0,430,12.0,21.0308599,105.8166626
112,280.0,428,13.0,21.0466514,105.8413703
113,250.0,400,9.0,15.9932234,108.2058619
114,399.0,630,24.0,21.033437,105.8137813
115,500.0,1100,15.0,21.0382278,105.8104991
116,350.0,500,20.0,21.0267835,105.8178095
117,330.0,450,10.0,21.0257605,105.8130654
118,350.0,426,8.0,21.043082,105.8401641
119,350.0,426,10.0,21.0460215,105.8410062
120,480.0,1200,5.0,21.0272991,105.8150091
121,380.0,760,15.0,19.8279264,105.7779134
122,550.0,718,11.0,21.033437,105.8137813
123,280.0,460,11.0,21.0482127,105.8409282
124,188.0,290,9.0,10.8119203,106.6861257
125,85.0,123,9.0,21.0308599,105.8166626
126,111.0,168,9.0,21.0332658,105.8112743
127,255.0,424,11.0,21.0282997,105.8104201
128,330.0,411,11.0,21.0430021,105.8438878
129,98.0,146,9.0,21.0332658,105.8112743
130,130.0,195,9.0,21.0332658,105.8112743
131,105.0,155,9.0,21.0430021,105.8438878
132,113.0,163,9.0,21.0282997,105.8104201
133,92.0,139,9.0,21.0294939,105.8232176
134,999.0,1688,24.0,20.8375079,106.7006624
135,300.0,550,11.0,21.0308599,105.8166626
136,95.0,148,9.0,21.0414147,105.8456775
137,123.0,177,9.0,10.8440955,106.7746845
138,88.0,126,9.0,21.141215,105.5045518
139,366.0,558,11.0,21.0403773,105.8463581
140,118.0,166,9.0,21.0338223,105.8436318
141,108.0,157,9.0,21.0321002,105.8337335
142,129.0,173,9.0,21.0460315,105.840049
143,180.0,262,9.0,21.0482127,105.8409282
144,195.0,273,9.0,21.0403773,105.8463581
145,115.0,156,9.0,21.033437,105.8137813
146,180.0,260,8.0,21.0401934,105.8477013
147,210.0,290,9.0,21.0422751,105.848001
148,350.0,438,6.0,21.0308599,105.8166626
149,115.0,158,7.0,21.060668,105.7731226
150,220.0,345,8.0,21.0257605,105.8130654
151,133.0,188,9.0,21.0340746,105.8271402
152,160.0,251,10.0,21.0417288,105.8449772
153,48.8,110,7.0,21.142851,105.5069201
154,75.0,110,6.0,10.7508081,106.6757438
155,60.0,65,6.0,21.0321002,105.8337335
156,17.2,55,2.0,10.7508081,106.6757438
157,19.7,55,2.0,21.0350221,105.8237481
158,20.6,45,2.0,21.0350221,105.8237481
159,18.7,60,2.0,21.0350221,105.8237481
160,15.0,50,2.0,21.0350221,105.8237481
161,15.5,40,2.0,21.060668,105.7731226
162,37.0,75,2.0,19.8279264,105.7779134
163,65.0,82,8.0,10.8119203,106.6861257
164,115.0,185,8.0,21.0401934,105.8477013
165,17.9,55,4.0,21.0350221,105.8237481
166,15.0,26,2.0,21.044622,105.8444895
167,70.5,62,5.0,9.9254272,105.7251538
168,16.0,60,4.0,9.9254272,105.7251538
169,17.5,50,4.0,10.8440955,106.7746845
170,16.2,31,3.0,21.0430021,105.8438878
171,18.0,60,5.0,21.0401934,105.8477013
172,16.5,36,3.0,21.0417288,105.8449772
173,11.0,30,3.0,21.141215,105.5045518
174,2.92,50,2.0,21.0350221,105.8237481
175,2.92,50,2.0,21.0350221,105.8237481
176,11.0,30,3.0,21.141215,105.5045518
177,16.2,31,3.0,21.0430021,105.8438878
178,16.5,36,3.0,21.0417288,105.8449772
179,17.5,50,4.0,10.8440955,106.7746845
180,11.0,30,3.0,21.141215,105.5045518
181,17.5,50,4.0,10.8440955,106.7746845
182,16.0,60,4.0,9.9254272,105.7251538
183,16.2,31,3.0,21.0430021,105.8438878
184,16.5,36,3.0,21.0417288,105.8449772
185,15.0,26,2.0,21.044622,105.8444895
186,17.9,55,4.0,21.0350221,105.8237481
187,115.0,185,8.0,21.0401934,105.8477013
188,19.0,55,6.0,21.0443736,105.8128943
189,36.0,98,4.0,21.0272991,105.8150091
190,290.0,180,50.0,21.0466514,105.8413703
191,320.0,352,75.0,21.0430021,105.8438878
192,179.0,205,52.0,21.0430021,105.8438878
193,160.0,174,50.0,21.0430021,105.8438878
194,170.0,172,50.0,10.8440955,106.7746845
195,165.0,180,50.0,21.0430021,105.8438878
196,165.0,170,45.0,21.0467453,105.8438118
197,310.0,185,51.0,21.0430021,105.8438878
198,520.0,325,108.0,21.0430021,105.8438878
199,250.0,280,55.0,21.0430021,105.8438878
200,260.0,300,65.0,21.0430021,105.8438878
201,220.0,280,60.0,21.0350221,105.8237481
202,240.0,282,62.0,21.033437,105.8137813
203,230.0,280,60.0,10.7508081,106.6757438
204,170.0,180,46.0,21.0430021,105.8438878
205,330.0,366,93.0,21.0430021,105.8438878
206,195.0,220,55.0,21.0430021,105.8438878
207,170.0,180,50.0,21.0430021,105.8438878
208,165.0,175,50.0,21.0401934,105.8477013
209,170.0,190,50.0,21.0430021,105.8438878
210,160.0,270,2.0,21.0430021,105.8438878
211,17.3,90,6.0,21.0449967,105.8107125
212,47.0,92,6.0,21.0321002,105.8337335
213,30.0,42,6.0,21.0449967,105.8107125
214,14.0,45,6.0,20.8375079,106.7006624
215,37.8,70,6.0,21.0335046,105.8155478
216,11.0,42,4.0,21.0350221,105.8237481
217,19.0,52,6.0,21.0335046,105.8155478
218,30.0,95,6.0,21.0449967,105.8107125
219,26.0,76,6.0,21.0340746,105.8271402
220,26.0,110,35.0,21.0428792,105.8083381
221,40.0,105,6.0,21.033437,105.8137813
222,90.0,360,5.0,21.033437,105.8137813
223,1.05,35,1.0,21.0357121,105.8062197
224,999.999,2337,390.0,21.0293758,105.8208969
225,84.0,105,10.0,21.034913,105.81013
226,16.0,40,3.0,21.034913,105.81013
227,16.8,46,6.0,20.8375079,106.7006624
228,8.85,32,4.0,21.0132247,105.8356425
229,16.0,45,6.0,21.0412152,105.8151467
230,17.0,46,5.0,21.0357121,105.8062197
231,17.0,70,6.0,21.060668,105.7731226
232,15.0,70,4.0,21.0443736,105.8128943
233,20.0,45,5.0,21.0308599,105.8166626
234,15.0,80,4.0,21.0350221,105.8237481
235,14.0,35,3.0,21.0313739,105.7755575
236,19.0,55,4.0,21.0350221,105.8237481
237,19.0,60,4.0,21.0350221,105.8237481
238,19.0,60,6.0,21.0338877,105.8171576
239,14.0,57,4.0,21.0335046,105.8155478
240,15.5,60,3.0,21.0308599,105.8166626
241,23.0,56,11.0,21.0350221,105.8237481
242,15.0,40,1.0,21.0308599,105.8166626
243,19.5,220,55.0,21.0430021,105.8438878
244,170.0,185,50.0,21.0430021,105.8438878
245,165.0,175,50.0,21.0467453,105.8438118
246,160.0,180,50.0,21.0430021,105.8438878
247,218.0,262,58.0,10.7508081,106.6757438
248,265.0,302,65.0,21.0430021,105.8438878
249,250.0,270,56.0,21.0430021,105.8438878
250,270.0,304,79.0,21.0430021,105.8438878
251,250.0,355,72.0,10.7508081,106.6757438
252,325.0,350,2.0,21.0430021,105.8438878
253,338.0,400,98.0,21.0430021,105.8438878
254,10.7,30,3.0,21.0308599,105.8166626
255,12.5,38,3.0,21.0443736,105.8128943
256,11.9,46,4.0,21.0443736,105.8128943
257,11.8,38,3.0,21.0257605,105.8130654
258,9.6,36,4.0,21.0308599,105.8166626
259,9.6,35,6.0,21.0267835,105.8178095
260,9.8,42,3.0,21.0267835,105.8178095
261,12.25,36,3.0,21.0257605,105.8130654
262,12.35,35,3.0,21.0293108,105.8400223
263,9.6,33,6.0,21.0132247,105.8356425
264,11.3,32,4.0,21.0350221,105.8237481
265,12.4,38,3.0,21.0308599,105.8166626
266,10.9,55,3.0,21.0267835,105.8178095
267,16.0,58,4.0,21.0272991,105.8150091
268,16.8,45,5.0,20.8375079,106.7006624
269,16.5,39,3.0,21.0308599,105.8166626
270,10.0,39,3.0,21.0308599,105.8166626
271,12.0,30,3.0,21.021617,105.8119248
272,17.5,52,6.0,10.7508081,106.6757438
273,19.5,56,6.0,20.8375079,106.7006624
274,11.9,39,3.0,21.0340746,105.8271402
275,10.9,32,3.0,21.0340746,105.8271402
276,10.5,32,2.0,21.0335046,105.8155478
277,10.55,33,3.0,21.0338877,105.8171576
278,13.6,42,4.0,21.0350221,105.8237481
279,9.98,35,3.0,21.0308599,105.8166626
280,12.0,36,6.0,21.0267835,105.8178095
281,16.9,46,5.0,21.0308599,105.8166626
282,13.5,38,4.0,21.0329898,105.8321294
283,10.9,33,3.0,21.0308599,105.8166626
284,10.0,34,3.0,21.0267835,105.8178095
285,13.9,50,5.0,21.034913,105.81013
286,10.5,45,4.0,21.0308599,105.8166626
287,10.8,35,3.0,21.034913,105.81013
288,10.9,35,3.0,21.0350221,105.8237481
289,13.2,38,3.0,21.0359363,105.81262
290,16.5,42,4.0,20.8375079,106.7006624
291,12.2,34,3.0,21.0340746,105.8271402
292,9.8,32,3.0,21.0132247,105.8356425
293,13.9,39,3.0,21.0449967,105.8107125
294,15.5,40,5.0,21.060668,105.7731226
295,19.8,42,3.0,21.060668,105.7731226
296,10.5,38,4.0,21.0443736,105.8128943
297,9.9,38,6.0,21.0267835,105.8178095
298,10.5,39,4.0,10.7508081,106.6757438
299,10.5,40,5.0,21.0443736,105.8128943
300,10.9,50,6.0,21.0308599,105.8166626
301,11.3,56,5.0,21.0308599,105.8166626
302,9.7,35,3.0,21.0443736,105.8128943
303,10.5,36,3.0,21.0257605,105.8130654
304,10.9,45,4.0,21.0340746,105.8271402
305,14.7,43,3.0,21.0467453,105.8438118
306,4.1,15,3.0,21.0257605,105.8130654
307,2.7,11,2.0,21.0321002,105.8337335
308,10.9,45,2.0,21.141215,105.5045518
309,13.3,57,3.0,15.9932234,108.2058619
310,12.9,37,5.0,21.0340746,105.8271402
311,3.35,17,2.0,21.0420546,105.8380335
312,7.9,20,4.0,21.0299786,105.8400632
313,7.6,15,2.0,21.0422493,105.8413123
314,9.5,85,3.0,21.0403773,105.8463581
315,3.7,18,2.0,21.0417288,105.8449772
316,195.0,220,55.0,21.0430021,105.8438878
317,160.0,185,50.0,21.0430021,105.8438878
318,230.0,250,65.0,21.0430021,105.8438878
319,185.0,220,50.0,21.0293108,105.8400223
320,170.0,180,46.0,21.0321002,105.8337335
321,198.0,210,45.0,21.033437,105.8137813
322,240.0,260,55.0,21.0430021,105.8438878
323,270.0,310,65.0,21.0430021,105.8438878
324,230.0,285,60.0,21.033437,105.8137813
325,329.0,385,94.0,21.0430021,105.8438878
326,200.0,280,60.0,21.0432853,105.8444143
327,270.0,300,75.0,21.0430021,105.8438878
328,170.0,190,50.0,21.0299786,105.8400632
329,165.0,180,48.0,21.0467453,105.8438118
330,189.0,205,52.0,21.0467453,105.8438118
331,220.0,260,55.0,21.0467453,105.8438118
332,165.0,180,50.0,21.0403773,105.8463581
333,11.5,54,4.0,21.0350221,105.8237481
334,45.0,100,12.0,21.0350221,105.8237481
335,6.3,45,3.0,21.0335046,105.8155478
336,6.3,40,4.0,21.0350221,105.8237481
337,25.0,75,5.0,21.0449967,105.8107125
338,12.0,71,10.0,10.7508081,106.6757438
339,11.0,40,4.0,21.033437,105.8137813
340,11.0,43,4.0,21.0350221,105.8237481
341,110.0,2250,140.0,10.7508081,106.6757438
342,6.5,45,3.0,21.0443736,105.8128943
343,15.5,52,3.0,21.0267835,105.8178095
344,8.5,22,3.0,21.0467453,105.8438118
345,10.5,25,1.0,21.0304301,105.8413237
346,195.0,220,55.0,21.0430021,105.8438878
347,170.0,185,50.0,21.0430021,105.8438878
348,290.0,360,70.0,21.0467453,105.8438118
349,350.0,348,70.0,10.8440955,106.7746845
350,240.0,320,75.0,21.0445117,105.8427015
352,390.0,385,105.0,21.0430021,105.8438878
353,170.0,180,10.0,21.0403773,105.8463581
354,190.0,250,50.0,16.0656178,108.2160586
355,280.0,300,70.0,21.0403773,105.8463581
356,230.0,290,60.0,10.7508081,106.6757438
357,258.0,315,68.0,21.033437,105.8137813
358,326.0,380,98.0,21.0430021,105.8438878
359,260.0,298,60.0,21.0430021,105.8438878
360,250.0,260,55.0,21.0430021,105.8438878
361,370.0,401,90.0,21.0430021,105.8438878
362,9.3,22,1.0,9.9254272,105.7251538
363,210.0,300,2.0,21.0430021,105.8438878
364,205.0,445,10.0,21.0467453,105.8438118
365,150.0,216,10.0,21.0458507,105.8409379
366,35.0,38,6.0,10.7508081,106.6757438
368,200.0,200,56.0,21.0482127,105.8409282
369,260.0,220,30.0,21.0482127,105.8409282
370,55.0,289,6.0,21.0308599,105.8166626
371,10.5,35,3.0,21.034913,105.81013
372,20.5,70,3.0,10.7508081,106.6757438
373,16.5,45,4.0,21.0350221,105.8237481
374,19.0,46,7.0,19.8279264,105.7779134
375,7.6,30,4.0,10.7508081,106.6757438
376,122.0,160,5.0,10.7508081,106.6757438
377,12.0,150,5.0,16.0530332,108.2345236
378,11.3,30,4.0,21.0350221,105.8237481
379,18.9,63,5.0,21.0350221,105.8237481
380,18.9,63,5.0,21.0350221,105.8237481
381,16.8,56,5.0,21.0267835,105.8178095
382,15.5,55,5.0,21.0267835,105.8178095
383,15.8,52,4.0,21.0267835,105.8178095
384,55.0,95,4.0,21.141215,105.5045518
385,68.0,104,30.0,21.0382278,105.8104991
386,43.0,105,2.0,21.0359363,105.81262
387,7.95,34,4.0,10.7508081,106.6757438
388,24.0,58,6.0,10.7508081,106.6757438
389,18.0,52,6.0,10.7508081,106.6757438
390,58.0,104,5.0,10.7508081,106.6757438
391,5.4,100,3.0,10.7508081,106.6757438
392,18.0,52,8.0,21.0357121,105.8062197
393,7.7,32,3.0,10.7508081,106.6757438
394,9.8,40,4.0,21.0267835,105.8178095
395,10.5,37,5.0,21.034913,105.81013
396,10.5,35,3.0,21.034913,105.81013
397,29.5,71,6.0,21.0350221,105.8237481
398,44.0,90,8.0,21.0340746,105.8271402
399,23.0,82,4.0,21.0350221,105.8237481
400,17.2,93,2.0,21.0718111,105.7900863
401,23.0,71,2.0,21.0718111,105.7900863
402,10.5,39,3.0,21.0718111,105.7900863
403,17.5,60,2.0,21.0718111,105.7900863
404,8.6,38,4.0,21.0718111,105.7900863
405,8.688,35,5.0,21.0718111,105.7900863
406,14.8,42,4.0,10.8040516,106.6263463
407,20.5,70,4.0,16.016326,108.2566913
408,19.5,75,8.0,16.016326,108.2566913
410,8.8,38,5.0,21.0718111,105.7900863
411,11.0,43,4.0,21.0718111,105.7900863
412,8.0,40,6.0,21.0520091,105.7362606
413,4.7,70,2.0,21.0877222,105.7854689
414,58.0,272,5.0,21.0718111,105.7900863
415,47.0,144,7.0,21.0502392,105.7526914
416,25.0,90,24.0,21.0718111,105.7900863
417,12.0,107,7.0,21.0877222,105.7854689
418,8.48,57,2.0,21.0778369,105.7776657
419,9.2,90,1.0,21.0718111,105.7900863
420,9.85,52,9.0,21.0502392,105.7526914
421,16.2,30,3.0,21.0718111,105.7900863
422,12.9,121,3.0,21.0372649,105.7760404
424,11.5,41,5.0,21.0931473,105.7733983
425,13.5,50,6.0,21.0520091,105.7362606
426,17.0,100,24.0,21.0520091,105.7362606
427,9.9,45,10.0,21.0474387,105.7633714
428,21.0,75,23.0,21.0257605,105.8130654
429,16.5,100,25.0,21.0520091,105.7362606
430,16.5,100,24.0,19.8376153,105.7996636
431,13.5,55,12.0,21.0033519,105.9332372
432,9.5,50,11.0,21.0520091,105.7362606
433,9.5,51,11.0,21.0520091,105.7362606
434,6.75,36,7.0,21.0033519,105.9332372
435,7.9,35,3.0,21.0520091,105.7362606
436,8.6,40,4.0,21.0427287,105.7506501
437,6.2,35,3.0,21.0257605,105.8130654
438,6.3,35,3.0,19.8376153,105.7996636
439,12.3,50,6.0,21.0520091,105.7362606
440,7.7,40,4.0,21.0502392,105.7526914
441,8.85,55,4.0,21.0502392,105.7526914
442,7.2,57,2.0,21.0781131,105.7459838
443,21.5,167,5.0,21.0901421,105.764348
444,45.0,230,6.0,17.4703859,106.6084716
445,48.0,120,4.0,10.8040516,106.6263463
446,21.5,207,12.0,10.7282649,106.7126125
447,46.5,160,4.0,21.0583132,105.7733277
448,28.5,145,3.0,21.0525577,105.7854422
449,21.9,65,6.0,21.0622561,105.7841145
450,38.5,125,6.0,21.0718111,105.7900863
451,18.0,45,4.0,21.0622561,105.7841145
452,24.5,76,2.0,21.0622561,105.7841145
453,18.7,74,2.0,21.0622561,105.7841145
454,32.9,79,2.0,21.0525577,105.7854422
455,19.0,80,3.0,21.0622561,105.7841145
456,21.0,90,6.0,21.0718111,105.7900863
457,29.6,182,1.0,21.0827238,105.7335641
458,27.68,46,5.0,21.0622561,105.7841145
459,26.45,50,5.0,21.0622561,105.7841145
460,34.95,125,6.0,21.0718111,105.7900863
461,6.5,33,4.0,21.0901421,105.764348
462,6.6,69,2.0,21.0622561,105.7841145
463,9.5,40,3.0,21.0718111,105.7900863
464,7.0,52,4.0,21.0926799,105.781169
465,18.9,95,18.0,21.0926799,105.781169
466,22.1,75,19.0,21.0718111,105.7900863
467,38.8,124,30.0,21.0718111,105.7900863
468,14.3,114,2.0,21.0474387,105.7633714
469,19.5,58,4.0,21.0474387,105.7633714
470,34.0,99,28.0,21.0718111,105.7900863
471,11.68,47,331.0,21.0669503,105.7791
472,7.48,102,3.0,21.0372649,105.7760404
473,7.48,101,3.0,21.0372649,105.7760404
474,4.5,900,1.0,21.0901421,105.764348
475,26.5,242,5.0,21.0926799,105.781169
476,39.5,85,13.0,21.0474387,105.7633714
477,22.0,59,8.0,21.0474387,105.7633714
478,22.0,66,6.0,21.0718111,105.7900863
479,24.5,61,6.0,21.0474387,105.7633714
480,68.0,125,22.0,21.0372649,105.7760404
481,38.8,124,30.0,21.0718111,105.7900863
482,7.25,40,4.0,21.0839692,105.739964
483,23.5,63,18.0,21.0520091,105.7362606
484,35.5,130,6.0,21.0718111,105.7900863
485,8.0,50,2.0,21.0926799,105.781169
486,10.0,60,6.0,21.0742149,105.7754553
487,9.2,52,6.0,21.0926799,105.781169
488,9.0,50,6.0,21.0926799,105.781169
489,12.0,46,5.0,21.0742149,105.7754553
490,11.0,47,5.0,21.0742149,105.7754553
491,10.0,50,6.0,21.0742149,105.7754553
492,8.0,60,2.0,21.0926799,105.781169
493,14.5,50,13.0,21.0742149,105.7754553
494,9.5,50,6.0,17.4703859,106.6084716
495,6.0,38,3.0,21.0931473,105.7733983
496,7.0,45,6.0,21.0742149,105.7754553
497,10.0,60,5.0,21.0778369,105.7776657
498,97.0,132,3.0,16.069861,108.2367037
499,15.2,129,3.0,21.0631272,105.8007652
500,8.2,93,3.0,21.0622561,105.7841145
501,10.48,140,3.0,21.1386811,105.9686796
502,11.6,117,3.0,21.1386811,105.9686796
503,7.8,70,2.0,21.0718111,105.7900863
504,29.9,145,4.0,21.0622561,105.7841145
505,10.5,85,2.0,21.0532763,105.7977363
506,10.3,81,2.0,21.0643381,105.8062335
507,6.1,76,3.0,21.0554083,105.7795961
508,14.0,128,4.0,21.0626747,105.7875971
509,12.9,109,3.0,21.0626747,105.7875971
510,12.6,114,3.0,21.0532763,105.7977363
511,10.3,96,3.0,21.0622561,105.7841145
512,52.5,300,6.0,21.0622561,105.7841145
513,49.5,200,5.0,21.0622561,105.7841145
514,39.0,300,3.0,21.0832462,105.7811303
515,28.0,150,10.0,10.8040516,106.6263463
516,4.1,56,2.0,21.0854028,105.780628
517,4.68,54,2.0,21.0554083,105.7795961
518,7.8,92,3.0,21.0622561,105.7841145
519,26.0,90,6.0,21.0718111,105.7900863
520,9.5,45,5.0,21.0874318,105.8161173
521,17.0,80,3.0,21.0669503,105.7791
522,59.0,145,6.0,21.0502392,105.7526914
524,27.0,125,5.0,21.0718111,105.7900863
525,12.0,42,5.0,21.1776799,106.0692742
526,10.3,47,8.0,21.0474387,105.7633714
527,6.7,32,3.0,21.0931473,105.7733983
528,15.9,50,6.0,16.016326,108.2566913
529,18.5,55,8.0,21.0718111,105.7900863
530,10.6,42,1.0,21.0669503,105.7791
531,9.9,46,9.0,21.0474387,105.7633714
532,26.0,62,5.0,21.0520091,105.7362606
533,11.3,47,9.0,21.0474387,105.7633714
534,8.5,46,4.0,21.1776799,106.0692742
535,11.0,80,3.0,21.1844204,106.0678927
536,6.8,82,4.0,21.0718111,105.7900863
537,4.4,63,2.0,21.0877222,105.7854689
538,3.75,56,2.0,21.0854028,105.780628
539,5.9,77,3.0,21.0877222,105.7854689
540,14.7,55,8.0,21.0669503,105.7791
542,16.0,80,5.0,21.0372649,105.7760404
543,11.0,96,3.0,21.1776799,106.0692742
544,9.6,57,2.0,21.1844204,106.0678927
545,12.7,50,2.0,21.0669503,105.7791
546,11.8,75,2.0,21.1776799,106.0692742
547,11.0,75,2.0,21.1776799,106.0692742
548,11.0,67,2.0,21.0427287,105.7506501
549,9.8,70,2.0,21.0598122,105.7455082
550,14.8,105,1.0,17.4703859,106.6084716
551,14.6,71,2.0,21.0778369,105.7776657
552,8.8,56,2.0,21.0525577,105.7854422
553,17.9,50,10.0,21.0474387,105.7633714
554,12.9,60,4.0,21.0474387,105.7633714
555,10.3,55,14.0,21.0827238,105.7335641
556,12.7,85,3.0,16.016326,108.2566913
557,9.1,65,5.0,21.0877222,105.7854689
558,12.3,45,5.0,21.0372649,105.7760404
559,9.4,55,5.0,21.0289957,105.7566889
560,12.3,60,7.0,21.0718111,105.7900863
561,12.3,70,13.0,21.0257605,105.8130654
562,9.1,40,6.0,21.0474387,105.7633714
563,10.8,65,14.0,21.0827238,105.7335641
564,11.6,60,4.0,21.0474387,105.7633714
565,12.3,70,4.0,21.0931473,105.7733983
566,11.4,45,4.0,21.0474387,105.7633714
567,13.9,105,5.0,21.0877222,105.7854689
568,12.1,60,6.0,21.0718111,105.7900863
569,9.1,65,5.0,10.7282649,106.7126125
570,14.7,55,13.0,21.0520091,105.7362606
571,12.3,45,5.0,21.0372649,105.7760404
572,13.0,55,7.0,21.0474387,105.7633714
573,13.2,60,10.0,21.0718111,105.7900863
574,12.85,50,4.0,21.0669503,105.7791
575,9.2,30,5.0,21.0520091,105.7362606
576,14.7,55,8.0,21.0669503,105.7791
577,14.5,130,9.0,21.0669503,105.7791
578,9.8,40,4.0,21.0854028,105.780628
579,15.7,61,18.0,21.1844204,106.0678927
580,8.7,35,4.0,21.0854028,105.780628
581,16.4,70,2.0,21.0502392,105.7526914
582,9.3,55,2.0,21.0931473,105.7733983
583,11.8,45,5.0,21.0926799,105.781169
584,10.7,55,3.0,21.0520091,105.7362606
585,11.0,75,4.0,21.0931473,105.7733983
586,15.2,85,3.0,21.0718111,105.7900863
587,13.6,60,6.0,21.0474387,105.7633714
588,13.6,50,4.0,21.0718111,105.7900863
589,16.3,55,13.0,21.0520091,105.7362606
590,12.3,65,14.0,21.0827238,105.7335641
591,11.5,55,2.0,21.0931473,105.7733983
592,10.8,40,7.0,21.0931473,105.7733983
593,10.8,40,7.0,21.0931473,105.7733983
594,11.3,40,9.0,21.0742149,105.7754553
595,11.8,65,9.0,21.0669503,105.7791
597,12.7,60,13.0,21.0684488,105.7398553
598,10.5,65,4.0,21.0931473,105.7733983
599,14.5,50,17.0,21.1468868,105.8150771
600,12.0,50,10.0,21.0474387,105.7633714
601,9.0,36,7.0,21.0520091,105.7362606
602,12.0,40,9.0,21.0669503,105.7791
603,13.2,70,2.0,21.0718111,105.7900863
604,12.0,65,2.0,21.0525577,105.7854422
605,19.5,60,6.0,21.0718111,105.7900863
606,15.6,60,18.0,21.0502392,105.7526914
607,10.9,50,4.0,21.0669503,105.7791
608,14.2,50,14.0,21.0502392,105.7526914
609,7.9,30,3.0,21.0718111,105.7900863
610,7.0,32,2.0,21.0718111,105.7900863
611,11.3,40,9.0,21.0742149,105.7754553
612,8.6,45,4.0,21.0877222,105.7854689
613,12.0,55,4.0,21.0289957,105.7566889
614,11.9,85,3.0,21.0718111,105.7900863
615,9.0,31,3.0,21.0718111,105.7900863
616,12.0,55,3.0,21.0718111,105.7900863
617,9.2,70,4.0,21.0372649,105.7760404
618,10.7,45,2.0,21.0474387,105.7633714
619,8.8,55,10.0,21.0926799,105.781169
620,11.7,50,10.0,21.1468868,105.8150771
621,9.2,46,11.0,21.0520091,105.7362606
622,13.6,45,4.0,21.0718111,105.7900863
623,11.2,40,3.0,21.0520091,105.7362606
624,11.7,55,4.0,21.0289957,105.7566889
625,48.75,125,2.0,21.0372649,105.7760404
626,14.3,50,15.0,21.0718111,105.7900863
627,11.8,50,10.0,21.0598122,105.7455082
628,13.2,45,3.0,21.0474387,105.7633714
629,11.8,61,4.0,21.0033519,105.9332372
630,15.2,56,5.0,21.0474387,105.7633714
631,22.4,100,3.0,21.0502392,105.7526914
632,19.0,92,7.0,21.0718111,105.7900863
633,21.0,80,11.0,21.0718111,105.7900863
634,22.0,60,6.0,21.0718111,105.7900863
635,20.0,70,4.0,21.0718111,105.7900863
636,20.0,65,5.0,21.0622561,105.7841145
637,16.0,70,5.0,21.0718111,105.7900863
638,22.0,84,3.0,21.0718111,105.7900863
639,50.0,140,4.0,21.0718111,105.7900863
640,12.0,36,4.0,21.0718111,105.7900863
641,42.0,200,5.0,21.0718111,105.7900863
642,25.5,85,3.0,21.0718111,105.7900863
643,40.0,120,4.0,21.0718111,105.7900863
644,39.5,115,3.0,21.0718111,105.7900863
645,27.0,85,3.0,21.0718111,105.7900863
646,35.0,130,4.0,21.0718111,105.7900863
647,19.0,100,3.0,21.0718111,105.7900863
648,36.0,120,3.0,21.0718111,105.7900863
649,13.0,80,6.0,21.0718111,105.7900863
650,36.0,120,6.0,21.0718111,105.7900863
651,70.5,207,4.0,21.0622561,105.7841145
652,47.0,144,4.0,21.0502392,105.7526914
653,93.8,288,5.0,21.0502392,105.7526914
654,73.0,152,4.0,21.0502392,105.7526914
655,38.9,100,18.0,21.0622561,105.7841145
656,39.5,100,4.0,21.0372649,105.7760404
657,33.5,90,4.0,21.0372649,105.7760404
658,79.0,235,4.0,21.0622561,105.7841145
659,60.8,152,2.0,21.0502392,105.7526914
660,35.5,144,4.0,21.0502392,105.7526914
661,37.5,144,4.0,21.0502392,105.7526914
662,59.0,144,4.0,21.0289957,105.7566889
663,130.0,260,4.0,21.0554083,105.7795961
664,51.5,125,2.0,10.8040516,106.6263463
665,71.9,160,28.0,21.0718111,105.7900863
666,43.0,148,11.0,21.0718111,105.7900863
667,5.5,45,3.0,15.9266657,107.9650855
668,9.0,57,1.0,15.9266657,107.9650855
669,59.0,81,5.0,21.0474387,105.7633714
670,8.9,52,8.0,15.9266657,107.9650855
672,9.8,58,3.0,21.0901421,105.764348
673,11.5,59,13.0,21.0827238,105.7335641
674,8.9,40,4.0,21.0598122,105.7455082
675,9.2,54,3.0,21.0598122,105.7455082
676,6.9,45,3.0,21.0901421,105.764348
677,5.9,45,3.0,21.0901421,105.764348
678,1.25,29,1.0,21.0502392,105.7526914
679,7.3,43,4.0,15.9266657,107.9650855
680,6.55,40,4.0,15.9266657,107.9650855
681,10.5,50,4.0,21.0598122,105.7455082
682,4.0,85,3.0,21.0622561,105.7841145
683,15.0,77,20.0,21.0931473,105.7733983
684,24.8,90,17.0,21.0718111,105.7900863
685,13.5,60,15.0,21.0718111,105.7900863
686,19.5,70,5.0,21.0372649,105.7760404
687,13.8,78,6.0,21.0718111,105.7900863
688,8.6,31,3.0,21.0718111,105.7900863
689,16.0,42,4.0,21.0718111,105.7900863
690,14.0,63,17.0,21.0502392,105.7526914
691,17.0,52,10.0,21.0474387,105.7633714
692,28.5,125,5.0,21.0669503,105.7791
693,25.0,90,3.0,21.0669503,105.7791
694,11.2,54,2.0,21.0520091,105.7362606
695,11.9,60,2.0,21.0474387,105.7633714
696,5.5,35,4.0,21.0827238,105.7335641
697,11.3,65,10.0,21.0669503,105.7791
698,17.4,55,3.0,21.0669503,105.7791
699,7.9,36,3.0,21.0926799,105.781169
700,18.0,70,16.0,21.0718111,105.7900863
701,18.5,80,20.0,21.0931473,105.7733983
702,26.6,60,5.0,21.0622561,105.7841145
703,13.5,45,3.0,21.0474387,105.7633714
704,34.0,90,27.0,21.0289957,105.7566889
705,27.8,80,6.0,21.0474387,105.7633714
706,23.0,135,35.0,21.0520091,105.7362606
707,15.9,85,18.0,21.0474387,105.7633714
708,10.5,100,4.0,21.0901421,105.764348
709,18.8,70,15.0,21.0525577,105.7854422
710,9.2,57,9.0,21.0622561,105.7841145
711,6.9,45,4.0,21.0901421,105.764348
712,7.4,40,4.0,21.0598122,105.7455082
713,15.9,52,4.0,21.0372649,105.7760404
714,29.0,150,42.0,21.0520091,105.7362606
715,9.3,38,4.0,21.0643381,105.8062335
716,7.5,37,3.0,21.0617089,105.7769669
717,19.0,200,4.0,21.0474387,105.7633714
718,8.4,38,4.0,21.0372649,105.7760404
719,8.9,40,4.0,21.0474387,105.7633714
720,23.8,100,28.0,21.0718111,105.7900863
721,15.6,50,1.0,21.0474387,105.7633714
723,15.6,50,1.0,21.0474387,105.7633714
724,19.5,73,2.0,21.0669503,105.7791
725,69.0,155,29.0,21.0718111,105.7900863
726,33.9,123,21.0,17.4703859,106.6084716
727,7.45,50,3.0,21.0926799,105.781169
728,5.4,31,4.0,21.0931473,105.7733983
729,7.4,31,4.0,21.0931473,105.7733983
730,9.45,50,2.0,21.0669503,105.7791
731,8.45,76,2.0,10.7282649,106.7126125
732,34.5,222,5.0,21.0931473,105.7733983
733,8.5,55,2.0,21.0854028,105.780628
734,8.35,79,2.0,21.0931473,105.7733983
735,9.65,63,2.0,21.0718111,105.7900863
736,9.8,62,2.0,21.0622561,105.7841145
737,8.45,77,2.0,10.7282649,106.7126125
738,9.3,73,1.0,21.0781131,105.7459838
739,19.95,109,3.0,21.0669503,105.7791
740,6.95,45,2.0,17.4703859,106.6084716
741,13.95,78,2.0,21.0718111,105.7900863
742,13.95,94,3.0,21.0926799,105.781169
743,11.2,52,2.0,21.0718111,105.7900863
744,5.1,40,2.0,21.0863971,105.7714022
745,8.45,51,2.0,21.0931473,105.7733983
746,8.5,43,2.0,21.0926799,105.781169
747,6.3,52,2.0,21.0863971,105.7714022
748,8.9,55,2.0,21.0622561,105.7841145
749,8.4,50,2.0,21.0931473,105.7733983
750,9.9,70,2.0,21.0931473,105.7733983
751,10.3,56,2.0,21.0931473,105.7733983
752,10.1,50,9.0,21.0669503,105.7791
753,8.45,62,4.0,21.0926799,105.781169
754,9.75,70,2.0,21.0832462,105.7811303
755,9.8,68,2.0,21.0877222,105.7854689
756,9.7,71,4.0,21.0877222,105.7854689
757,9.65,68,2.0,21.0832462,105.7811303
758,8.0,50,4.0,21.0931473,105.7733983
759,9.65,68,3.0,21.0622561,105.7841145
760,11.0,65,8.0,21.0669503,105.7791
761,14.5,96,2.0,21.0718111,105.7900863
762,5.6,60,2.0,21.0669503,105.7791
763,7.8,40,7.0,21.0905423,105.7890978
764,7.55,40,2.0,21.0718111,105.7900863
765,8.8,65,2.0,17.4703859,106.6084716
766,9.35,50,4.0,10.7282649,106.7126125
767,12.95,70,4.0,21.0931473,105.7733983
768,9.75,65,4.0,21.0718111,105.7900863
769,22.95,60,4.0,21.0447383,105.7848119
770,9.6,60,4.0,21.0931473,105.7733983
771,11.9,56,5.0,21.0718111,105.7900863
772,8.9,45,6.0,17.4703859,106.6084716
773,8.9,41,6.0,17.4703859,106.6084716
774,32.95,116,4.0,21.0718111,105.7900863
775,13.25,65,12.0,17.4703859,106.6084716
776,24.85,96,6.0,21.0718111,105.7900863
777,13.2,65,12.0,17.4703859,106.6084716
778,17.45,86,4.0,21.0718111,105.7900863
779,24.95,96,6.0,21.0718111,105.7900863
780,5.85,40,4.0,21.0930117,105.7362692
781,9.65,54,6.0,21.0926799,105.781169
782,13.9,54,8.0,21.0669503,105.7791
783,7.55,50,4.0,21.0525577,105.7854422
784,13.25,64,10.0,17.4703859,106.6084716
785,10.5,99,2.0,21.0839692,105.739964
786,10.95,80,3.0,21.0718111,105.7900863
787,11.45,75,3.0,21.0832462,105.7811303
788,11.5,70,4.0,21.0926799,105.781169
789,10.95,57,1.0,21.0931473,105.7733983
790,43.85,218,5.0,17.4703859,106.6084716
791,8.25,35,4.0,21.0905423,105.7890978
792,7.45,32,3.0,21.0905423,105.7890978
793,8.95,45,6.0,21.0778369,105.7776657
794,10.9,50,6.0,21.0694128,105.7725442
795,10.65,70,4.0,21.0931473,105.7733983
796,18.45,112,2.0,21.0669503,105.7791
797,7.4,32,3.0,21.0669503,105.7791
798,8.05,48,4.0,21.0931473,105.7733983
799,13.65,61,15.0,21.0669503,105.7791
800,65.0,114,4.0,20.8209369,106.7606821
801,20.9,88,30.0,21.0400774,105.7988403
802,12.2,39,6.0,21.03585,105.8032073
803,91.9,307,5.0,16.0209559,108.2085932
804,23.0,60,6.0,20.9952515,105.8000117
805,24.0,75,5.0,21.0105529,105.7996738
806,6.1,62,2.0,21.0184055,105.7988808
807,10.0,41,3.0,20.9441526,105.7227042
808,24.0,70,5.0,21.0447993,105.7863721
809,16.0,47,5.0,21.0381349,105.7759476
810,22.8,40,5.0,20.9657586,105.7704872
811,54.0,204,5.0,15.8847454,108.3698181
812,12.0,40,4.0,21.0300836,105.8018147
814,25.9,100,36.0,21.034388,105.7838262
815,4.68,50,2.0,21.1386811,105.9686796
816,5.65,46,2.0,21.0482874,105.7955712
817,7.3,96,3.0,21.0372649,105.7760404
818,8.1,90,3.0,21.0300836,105.8018147
819,5.99,71,2.0,21.0268165,105.7678484
820,5.25,46,1.0,21.0482874,105.7955712
821,13.85,38,3.0,21.0372649,105.7760404
822,14.7,65,2.0,21.0430046,105.8052864
823,23.0,65,5.0,20.9952515,105.8000117
824,9.5,32,4.0,21.0622561,105.7841145
825,51.0,150,1.0,21.0306398,105.7856837
826,22.7,70,4.0,21.0300836,105.8018147
827,38.6,100,22.0,15.8847454,108.3698181
828,91.9,310,5.0,16.0209559,108.2085932
829,12.19,38,6.0,21.035036,105.8000542
830,6.6,63,3.0,21.0371031,105.7919194
831,17.8,53,15.0,21.0300836,105.8018147
832,21.8,65,6.0,21.0300836,105.8018147
833,32.0,90,4.0,21.0230245,105.7789784
834,22.0,68,2.0,21.0300836,105.8018147
835,18.5,55,5.0,21.043455,105.7993776
836,16.8,42,2.0,21.0379104,105.7859891
837,5.75,62,2.0,21.0371031,105.7919194
839,19.0,52,4.0,21.035036,105.8000542
840,27.5,55,10.0,21.0447993,105.7863721
841,48.0,95,20.0,21.0420249,105.8025152
842,10.0,42,4.0,21.036538,105.7812297
843,11.0,35,4.0,21.0622561,105.7841145
844,15.0,48,4.0,21.034388,105.7838262
845,8.0,42,3.0,21.0413967,105.7778717
846,8.0,38,3.0,21.0372649,105.7760404
847,7.0,34,3.0,20.9441526,105.7227042
848,7.0,33,3.0,21.0622561,105.7841145
849,37.0,110,15.0,21.0300836,105.8018147
850,10.9,55,4.0,21.0324885,105.7886716
851,9.0,50,5.0,21.0306398,105.7856837
852,48.0,90,5.0,21.0340901,105.79751
853,89.0,140,4.0,16.0487929,108.2360851
854,12.1,39,4.0,21.03585,105.8032073
855,5.3,60,2.0,20.9389472,106.3121426
856,21.0,63,6.0,21.022965,105.7903065
857,89.0,136,6.0,16.0487929,108.2360851
858,28.5,70,10.0,21.0381349,105.7759476
859,19.5,105,7.0,21.0541531,105.7872517
860,25.5,45,4.0,10.7576754,106.7891795
861,31.5,64,5.0,21.1386811,105.9686796
862,19.0,60,4.0,20.9657586,105.7704872
863,27.8,60,7.0,21.022965,105.7903065
864,24.5,45,5.0,21.0372649,105.7760404
865,19.0,52,4.0,21.0482874,105.7955712
866,37.0,90,3.0,21.0340901,105.79751
867,36.0,65,8.0,21.1386811,105.9686796
868,20.0,55,4.0,21.043455,105.7993776
869,22.0,55,6.0,21.1386811,105.9686796
870,17.8,35,2.0,20.4890064,105.9505716
871,28.0,69,8.0,21.0381349,105.7759476
872,5.7,63,2.0,16.0867008,108.1537812
873,10.9,40,4.0,21.0372649,105.7760404
874,445.0,520,86.0,10.7576754,106.7891795
875,66.0,139,1.0,21.022965,105.7903065
876,9.6,33,3.0,20.9441526,105.7227042
877,88.0,180,5.0,19.9915026,105.8452153
878,13.2,48,4.0,21.0430046,105.8052864
879,8.0,40,4.0,21.0105529,105.7996738
880,17.2,60,15.0,21.0300836,105.8018147
881,19.0,85,4.0,21.0300836,105.8018147
882,6.59,68,3.0,21.0482874,105.7955712
883,11.5,111,3.0,21.022965,105.7903065
884,20.0,60,16.0,21.0622561,105.7841145
885,55.0,142,3.0,21.0541531,105.7872517
886,79.0,120,4.0,21.0100453,105.8105522
887,15.5,49,4.0,21.0105529,105.7996738
888,20.0,69,6.0,21.0306398,105.7856837
889,110.0,150,3.0,21.0324111,105.787178
890,160.0,235,18.0,21.0372444,105.8061271
891,64.0,112,3.0,21.0438608,105.7917245
892,22.0,48,12.0,21.0430046,105.8052864
893,24.0,56,16.0,21.03585,105.8032073
894,39.0,122,32.0,20.9657586,105.7704872
895,44.0,136,32.0,21.0417679,105.7827528
896,45.0,145,32.0,21.0324885,105.7886716
897,48.0,155,32.0,21.0438608,105.7917245
898,95.0,355,5.0,21.022965,105.7903065
899,93.0,320,6.0,16.0209559,108.2085932
900,90.0,340,6.0,18.5178861,105.427962
901,74.0,140,34.0,21.034388,105.7838262
902,46.0,125,5.0,21.1386811,105.9686796
903,70.0,140,38.0,21.0324111,105.787178
904,72.0,132,34.0,21.034388,105.7838262
905,100.0,270,8.0,21.0324885,105.7886716
906,172.0,400,7.0,13.7874638,109.1479799
907,56.0,120,7.0,21.1386811,105.9686796
908,10.8,88,6.0,15.8847454,108.3698181
909,16.2,52,6.0,21.0300836,105.8018147
910,17.7,95,7.0,21.022965,105.7903065
911,41.0,216,4.0,21.1386811,105.9686796
912,21.0,75,7.0,10.7576754,106.7891795
913,10.8,50,9.0,21.036538,105.7812297
914,15.0,73,7.0,21.1386811,105.9686796
915,43.0,70,6.0,21.0105529,105.7996738
916,9.0,47,8.0,21.0420249,105.8025152
917,6.77,67,2.0,15.8847454,108.3698181
918,6.3,37,3.0,13.7874638,109.1479799
919,9.6,93,4.0,13.7874638,109.1479799
920,9.9,47,6.0,21.0541531,105.7872517
921,7.15,48,5.0,13.7874638,109.1479799
922,6.5,47,3.0,21.0420249,105.8025152
923,6.5,52,3.0,21.0300836,105.8018147
924,10.0,50,2.0,15.8847454,108.3698181
925,15.0,60,5.0,20.9441526,105.7227042
926,8.1,38,3.0,21.0300836,105.8018147
927,7.7,65,9.0,20.9441526,105.7227042
928,9.9,45,6.0,13.7874638,109.1479799
929,9.5,115,12.0,21.0324885,105.7886716
930,13.5,60,6.0,20.8209369,106.7606821
931,79.0,263,6.0,21.0300836,105.8018147
932,180.0,292,9.0,21.1386811,105.9686796
933,7.2,45,4.0,21.0300836,105.8018147
934,13.9,46,5.0,21.0105529,105.7996738
935,11.9,65,12.0,21.0300836,105.8018147
936,7.5,60,4.0,21.0300836,105.8018147
937,47.0,150,30.0,21.1386811,105.9686796
938,7.0,33,3.0,21.0420249,105.8025152
939,4.95,36,4.0,21.022965,105.7903065
940,11.5,78,11.0,21.0300836,105.8018147
941,5.5,43,4.0,21.0173887,105.8025413
942,6.85,50,6.0,20.9441526,105.7227042
943,33.0,75,8.0,21.0105529,105.7996738
944,8.15,58,6.0,21.03585,105.8032073
945,6.8,51,3.0,15.8847454,108.3698181
946,45.0,200,6.0,21.0421915,105.7955855
947,28.0,130,16.0,21.0105529,105.7996738
948,9.9,110,4.0,21.0300836,105.8018147
949,15.9,130,10.0,21.0300836,105.8018147
950,5.95,36,5.0,21.0300836,105.8018147
951,43.0,145,4.0,21.022965,105.7903065
952,24.0,73,6.0,11.2822212,106.3604417
953,6.5,45,4.0,21.0324885,105.7886716
954,7.2,54,6.0,21.0300836,105.8018147
955,6.0,40,4.0,21.0300836,105.8018147
956,6.8,56,4.0,21.022965,105.7903065
957,56.0,204,6.0,21.1386811,105.9686796
958,7.6,51,6.0,21.0300836,105.8018147
966,7.9,100,3.0,16.0658826,108.1036551
967,7.9,100,3.0,16.0658826,108.1036551
968,95.0,320,6.0,16.0209559,108.2085932
969,88.0,335,6.0,10.7628882,106.6793099
970,158.0,1400,5.0,21.0105529,105.7996738
971,128.0,235,18.0,21.0622561,105.7841145
972,68.0,114,3.0,11.2822212,106.3604417
973,118.0,235,4.0,21.035036,105.8000542
974,182.0,247,18.0,21.03585,105.8032073
975,180.0,338,2.0,21.0063394,105.8019797
976,88.0,146,16.0,10.7576754,106.7891795
977,93.0,158,24.0,21.0042397,105.7959411
978,95.0,156,18.0,15.9946076,108.2330772
979,60.0,93,9.0,21.0324885,105.7886716
980,51.0,88,5.0,21.0379104,105.7859891
981,73.0,126,7.0,21.0622561,105.7841145
982,39.0,89,5.0,21.0230245,105.7789784
983,115.0,168,8.0,21.0438608,105.7917245
984,55.0,97,5.0,15.9946076,108.2330772
985,58.0,102,3.0,21.0100453,105.8105522
986,45.0,97,2.0,10.8266149,106.6874711
987,58.0,116,6.0,16.0658826,108.1036551
988,44.0,82,5.0,21.0371031,105.7919194
989,77.0,138,5.0,10.240871,105.9011283
990,63.0,99,6.0,21.036538,105.7812297
992,111.0,246,4.0,21.0622561,105.7841145
993,156.0,280,10.0,21.0230245,105.7789784
994,111.0,185,13.0,21.0421915,105.7955855
995,161.0,303,9.0,21.0438608,105.7917245
996,45.0,82,3.0,21.0042397,105.7959411
997,133.0,259,4.0,21.0100453,105.8105522
998,150.0,260,2.0,21.144441,106.0904748
999,71.0,112,3.0,21.022965,105.7903065
1000,163.0,280,7.0,21.0324111,105.787178
1001,113.0,171,9.0,15.9946076,108.2330772
1002,46.0,88,8.0,21.0409801,105.7905624
1003,56.0,98,4.0,21.0306398,105.7856837
1004,145.0,259,10.0,16.0004904,108.2054768
1006,157.0,229,3.0,11.2822212,106.3604417
1007,164.0,292,3.0,21.0300836,105.8018147
1008,66.0,110,16.0,21.036538,105.7812297
1009,71.0,125,8.0,21.0379104,105.7859891
1010,81.0,155,8.0,21.0324885,105.7886716
1011,95.0,165,18.0,11.2822212,106.3604417
1012,50.0,89,4.0,16.0595822,108.2121456
1013,103.0,191,14.0,21.0372444,105.8061271
1014,47.0,83,6.0,21.0063394,105.8019797
1015,70.0,118,8.0,21.0324885,105.7886716
1016,220.0,391,6.0,10.240871,105.9011283
1017,150.0,239,6.0,21.0371031,105.7919194
1018,115.0,195,45.0,21.0324111,105.787178
1019,89.0,146,18.0,21.0306398,105.7856837
1020,95.0,168,14.0,21.0420249,105.8025152
1021,97.0,189,9.0,21.0340901,105.79751
1022,77.0,143,15.0,21.0042397,105.7959411
1023,82.0,158,6.0,21.0100453,105.8105522
1024,105.0,175,12.0,10.8266149,106.6874711
1025,230.0,390,16.0,16.0658826,108.1036551
1026,51.0,89,5.0,21.0417679,105.7827528
1027,75.0,112,7.0,21.0300836,105.8018147
1028,56.0,96,3.0,21.0324885,105.7886716
1029,146.0,259,3.0,21.0379104,105.7859891
1030,117.0,200,20.0,21.0447993,105.7863721
1031,75.0,134,10.0,21.0379104,105.7859891
1032,90.0,152,18.0,21.0421915,105.7955855
1033,138.0,205,18.0,21.6027996,104.5077132
1034,136.0,183,18.0,21.0340901,105.79751
1035,71.0,125,18.0,21.0420249,105.8025152
1036,173.0,250,10.0,15.9919629,108.2120177
1037,177.0,268,6.0,21.0042397,105.7959411
1038,138.0,206,11.0,21.0105529,105.7996738
1039,62.0,96,8.0,15.9946076,108.2330772
1040,54.0,109,4.0,21.1386811,105.9686796
1041,56.0,145,32.0,21.144441,106.0904748
1042,58.0,156,32.0,10.8266149,106.6874711
1043,95.0,168,9.0,16.0004904,108.2054768
1044,260.0,424,11.0,21.0268165,105.7678484
1045,97.0,146,9.0,11.2822212,106.3604417
1047,120.0,195,9.0,21.043455,105.7993776
1048,96.0,155,9.0,21.0482874,105.7955712
1049,111.0,163,9.0,21.6027996,104.5077132
1050,112.0,170,9.0,21.0420249,105.8025152
1051,999.0,1688,24.0,21.0306398,105.7856837
1052,310.0,550,11.0,21.0300836,105.8018147
1053,97.0,148,9.0,21.0332963,105.7921127
1054,124.0,177,9.0,21.0324885,105.7886716
1055,158.0,225,9.0,15.9946076,108.2330772
1056,280.0,410,11.0,21.0482874,105.7955712
1057,158.0,273,9.0,21.0482874,105.7955712
1058,168.0,240,10.0,21.0420249,105.8025152
1059,156.0,225,9.0,21.0438608,105.7917245
1060,168.0,416,25.0,15.9946076,108.2330772
1061,120.0,222,9.0,21.03585,105.8032073
1062,158.0,237,9.0,21.035036,105.8000542
1063,180.0,300,11.0,21.0306398,105.7856837
1064,250.0,500,12.0,16.0595822,108.2121456
1065,195.0,333,10.0,21.0100453,105.8105522
1066,239.0,400,10.0,21.0042397,105.7959411
1067,152.0,265,11.0,10.7576754,106.7891795
1068,183.0,300,10.0,21.1966852,106.102791
1069,220.0,360,11.0,21.022965,105.7903065
1070,155.5,191,10.0,15.9946076,108.2330772
1071,200.0,488,9.0,10.8266149,106.6874711
1072,279.0,360,13.0,16.0658826,108.1036551
1073,195.0,348,11.0,10.240871,105.9011283
1074,200.0,380,11.0,21.0332963,105.7921127
1075,95.0,152,9.0,21.034388,105.7838262
1076,75.0,116,9.0,16.0222152,108.2088912
1077,390.0,718,11.0,21.0447993,105.7863721
1078,260.0,460,11.0,21.0409801,105.7905624
1079,180.0,290,9.0,16.0487929,108.2360851
1080,77.0,123,9.0,21.0413967,105.7778717
1081,66.0,171,36.0,20.9441526,105.7227042
1082,65.0,112,10.0,16.0867008,108.1537812
1083,36.0,65,6.0,21.0112584,105.8045139
1084,13.4,60,2.0,21.0340901,105.79751
1085,25.8,60,2.0,16.0487929,108.2360851
1086,33.5,86,3.0,21.022965,105.7903065
1088,25.0,55,4.0,21.0205577,105.7952467
1089,20.8,50,3.0,17.5060954,106.5912406
1090,34.0,95,2.0,21.0413967,105.7778717
1091,19.0,35,7.0,21.0622561,105.7841145
1092,43.0,82,4.0,21.0155394,105.7999301
1093,37.0,65,6.0,21.0372649,105.7760404
1094,29.8,70,5.0,21.0381349,105.7759476
1095,27.0,45,3.0,15.8847454,108.3698181
1096,26.0,50,3.0,21.0447993,105.7863721
1097,39.5,102,5.0,21.0541531,105.7872517
1098,160.0,209,2.0,21.0300836,105.8018147
1099,169.0,160,5.0,21.1386811,105.9686796
1100,42.5,80,3.0,21.036538,105.7812297
1101,33.0,60,8.0,20.8209369,106.7606821
1102,45.0,80,7.0,21.1386811,105.9686796
1103,11.5,35,3.0,21.0381349,105.7759476
1104,45.9,121,4.0,21.022965,105.7903065
1105,40.5,92,25.0,21.03585,105.8032073
1106,21.7,42,6.0,21.0417679,105.7827528
1107,17.999,51,1.0,21.022965,105.7903065
1108,20.5,57,6.0,21.0420249,105.8025152
1109,29.0,80,5.0,21.0417679,105.7827528
1110,21.6,42,4.0,21.0417679,105.7827528
1111,26.0,66,6.0,21.0447993,105.7863721
1112,35.0,72,6.0,16.0658826,108.1036551
1113,9.55,41,7.0,21.0300836,105.8018147
1114,26.8,54,5.0,21.1386811,105.9686796
1115,9.55,41,7.0,21.0300836,105.8018147
1116,6.2,46,2.0,21.0298996,105.7753228
1117,12.4,37,4.0,21.036538,105.7812297
1118,7.9,33,3.0,20.9441526,105.7227042
1119,20.6,50,4.0,21.043455,105.7993776
1120,24.0,70,5.0,21.044355,105.7853746
1121,29.5,67,6.0,21.1386811,105.9686796
1122,10.9,35,4.0,15.8847454,108.3698181
1123,13.8,42,5.0,21.036538,105.7812297
1124,26.2,100,5.0,21.0372649,105.7760404
1125,28.5,100,5.0,21.0372649,105.7760404
1126,43.0,80,6.0,21.022965,105.7903065
1127,16.5,50,5.0,21.0381349,105.7759476
1128,19.5,50,3.0,21.043455,105.7993776
1129,8.0,50,2.0,21.0413967,105.7778717
1130,11.0,30,3.0,21.0541531,105.7872517
1131,16.5,42,3.0,21.036538,105.7812297
1132,43.9,205,5.0,15.8847454,108.3698181
1133,20.0,42,6.0,21.0417679,105.7827528
1134,9.5,32,3.0,21.0300836,105.8018147
1135,17.0,40,3.0,21.1386811,105.9686796
1136,7.6,33,2.0,15.8847454,108.3698181
1137,30.0,80,10.0,10.7576754,106.7891795
1138,46.0,60,3.0,15.8847454,108.3698181
1139,8.0,50,2.0,21.0413967,105.7778717
1140,7.5,35,3.0,21.0298996,105.7753228
1141,4.95,27,2.0,21.0372649,105.7760404
1142,19.0,80,6.0,21.1386811,105.9686796
1143,17.5,45,2.0,16.0487929,108.2360851
1144,26.0,70,17.0,21.0413967,105.7778717
1145,15.5,45,3.0,16.0487929,108.2360851
1146,73.0,121,8.0,21.0324885,105.7886716
1147,18.6,60,3.0,21.0381349,105.7759476
1148,9.0,37,3.0,15.8847454,108.3698181
1149,7.0,40,2.0,21.0622561,105.7841145
1150,11.3,36,4.0,21.036538,105.7812297
1151,8.0,33,3.0,21.0372649,105.7760404
1152,7.5,30,4.0,13.7874638,109.1479799
1153,12.5,40,6.0,21.036538,105.7812297
1154,11.5,36,3.0,21.036538,105.7812297
1155,9.5,38,4.0,21.0300836,105.8018147
1156,9.8,40,7.0,21.036538,105.7812297
1157,26.0,100,3.0,21.1386811,105.9686796
1158,21.0,90,20.0,21.0413967,105.7778717
1159,13.6,48,3.0,21.0105529,105.7996738
1160,17.5,50,6.0,21.0417679,105.7827528
1161,96.0,161,5.0,15.8847454,108.3698181
1162,45.5,96,3.0,21.1386811,105.9686796
1163,51.0,82,1.0,21.0340901,105.79751
1164,56.0,95,5.0,16.0595822,108.2121456
1165,15.5,45,3.0,16.0487929,108.2360851
1166,7.9,33,3.0,20.9441526,105.7227042
1167,42.0,80,6.0,21.022965,105.7903065
1168,7.0,30,2.0,21.03585,105.8032073
1169,9.8,40,7.0,21.034388,105.7838262
1170,13.3,50,6.0,21.0324885,105.7886716
1171,10.5,34,4.0,21.0622561,105.7841145
1172,25.0,50,5.0,21.1386811,105.9686796
1173,16.8,50,6.0,21.0381349,105.7759476
1174,8.9,43,3.0,21.034388,105.7838262
1175,38.5,140,5.0,21.0300836,105.8018147
1176,43.0,90,16.0,21.03585,105.8032073
1177,16.5,45,6.0,21.0482874,105.7955712
1178,26.5,60,7.0,21.1386811,105.9686796
1179,8.1,30,3.0,21.0372649,105.7760404
1180,10.3,51,5.0,21.0372649,105.7760404
1181,20.0,58,3.0,21.0420249,105.8025152
1183,22.4,46,4.0,21.0300836,105.8018147
1184,18.4,53,14.0,21.0300836,105.8018147
1186,18.8,50,6.0,21.0340901,105.79751
1187,27.0,100,38.0,21.034388,105.7838262
1188,18.0,70,16.0,21.1386811,105.9686796
1189,18.9,70,16.0,21.1386811,105.9686796
1190,59.0,152,35.0,21.0173887,105.8025413
1191,120.0,321,5.0,18.5178861,105.427962
1192,250.0,520,86.0,10.7576754,106.7891795
1193,23.0,61,4.0,21.0417679,105.7827528
1194,28.0,100,8.0,21.0372649,105.7760404
1195,24.5,100,3.0,21.0372649,105.7760404
1196,16.5,52,4.0,21.0105529,105.7996738
1197,31.0,56,5.0,21.0420249,105.8025152
1198,15.8,41,4.0,21.0332963,105.7921127
1199,33.6,65,6.0,10.7576754,106.7891795
1200,12.05,60,12.0,21.0172365,105.8291997
1201,15.0,45,5.0,21.0272477,105.8387562
1202,14.9,60,4.0,21.0130296,105.8198834
1203,36.0,55,2.0,21.0212843,105.8256835
1204,6.2,28,3.0,21.0172365,105.8291997
1205,37.0,56,7.0,15.4529151,108.6282924
1206,25.9,110,28.0,21.0141136,105.810892
1207,34.9,150,28.0,9.2329711,105.4099868
1208,14.9,75,15.0,21.0268177,105.8277705
1209,18.5,46,4.0,21.0221676,105.8315756
1210,8.2,32,3.0,21.0221676,105.8315756
1211,5.5,24,3.0,21.0127022,105.8411095
1212,11.2,36,3.0,21.0268177,105.8277705
1213,18.6,51,1.0,21.004213,105.8400919
1214,14.9,40,5.0,21.1827877,105.722916
1215,23.499,33,3.0,21.0165613,105.825155
1216,12.68,39,3.0,21.0020229,105.821533
1217,6.86,30,2.0,20.9717804,105.7907026
1218,8.25,28,3.0,14.3639213,107.997249
1219,13.45,60,4.0,21.0165613,105.825155
1220,14.8,35,4.0,21.0145189,105.8058922
1221,13.5,33,4.0,21.0172365,105.8291997
1222,6.99,35,4.0,10.7791664,106.9579212
1223,6.25,25,3.0,21.0293136,105.8289153
1224,16.0,45,5.0,21.0221676,105.8315756
1225,23.2,52,4.0,21.0205033,105.8216813
1226,12.2,45,3.0,21.0170313,105.8188368
1227,16.5,37,3.0,21.0170313,105.8188368
1228,8.1,50,5.0,21.0221676,105.8315756
1229,27.0,100,2.0,21.0267222,105.8260305
1230,13.9,35,3.0,21.0080135,105.8204891
1231,12.6,39,4.0,21.0117662,105.8302385
1232,15.05,78,18.0,16.8315954,107.0934517
1233,8.58,32,3.0,21.0101124,105.8378951
1234,11.78,35,3.0,21.0067843,105.8301879
1235,6.63,25,3.0,21.0089762,105.824347
1236,12.76,40,4.0,21.9039451,106.319809
1237,6.46,20,2.0,21.0292462,105.8267231
1238,9.46,35,3.0,15.4529151,108.6282924
1239,9.29,35,3.0,21.0265093,105.8319343
1240,9.28,35,4.0,21.0221676,105.8315756
1241,7.78,35,3.0,21.0132324,105.8298403
1242,8.28,30,3.0,21.0170313,105.8188368
1243,9.0,35,3.0,10.7454993,106.6191866
1244,80.0,140,24.0,20.9717804,105.7907026
1245,7.8,40,9.0,21.0191803,105.8356888
1246,6.0,72,2.0,21.0080135,105.8204891
1247,33.5,55,5.0,21.0170313,105.8188368
1248,240.0,410,5.0,21.0130296,105.8198834
1249,14.9,60,4.0,21.0130296,105.8198834
1250,23.5,72,3.0,21.0089762,105.824347
1251,17.9,60,15.0,21.0162855,105.8356893
1252,20.5,50,6.0,10.7791664,106.9579212
1253,10.8,35,3.0,21.9039451,106.319809
1254,36.4,115,10.0,10.7791664,106.9579212
1255,35.0,60,6.0,21.0170313,105.8188368
1256,12.5,42,6.0,21.0130296,105.8198834
1257,5.7,25,3.0,21.0180529,105.9016988
1258,11.2,32,3.0,21.0268177,105.8277705
1259,13.8,35,3.0,21.004213,105.8400919
1260,20.8,69,7.0,21.0221676,105.8315756
1261,20.5,66,8.0,21.0221676,105.8315756
1262,20.6,68,8.0,21.0221676,105.8315756
1263,20.5,75,5.0,21.0268177,105.8277705
1264,21.0,79,6.0,21.0268177,105.8277705
1265,14.8,48,5.0,21.021617,105.8119248
1266,15.0,50,6.0,21.0141136,105.810892
1267,16.4,59,4.0,21.0202025,105.8075809
1268,16.3,60,5.0,21.021617,105.8119248
1269,16.5,60,4.0,21.0202025,105.8075809
1270,21.2,60,2.0,21.0268177,105.8277705
1271,36.0,50,6.0,21.0162855,105.8356893
1272,20.5,50,7.0,10.7791664,106.9579212
1273,20.5,5,6.0,10.7791664,106.9579212
1274,8.3,26,3.0,21.0170313,105.8188368
1275,15.0,45,3.0,21.0221676,105.8315756
1276,14.9,60,4.0,21.0130296,105.8198834
1277,11.5,50,3.0,21.0285816,105.83401
1278,7.5,45,6.0,21.0268177,105.8277705
1279,20.5,50,5.0,10.7791664,106.9579212
1280,8.0,27,4.0,10.7694197,106.7044869
1281,15.0,50,6.0,21.0141136,105.810892
1282,14.8,48,5.0,21.021617,105.8119248
1284,15.0,50,6.0,21.0141136,105.810892
1285,16.4,59,4.0,21.0202025,105.8075809
1286,16.3,60,4.0,21.021617,105.8119248
1287,16.5,60,4.0,21.0202025,105.8075809
1289,6.48,37,3.0,21.0101124,105.8378951
1290,6.47,36,3.0,21.0101124,105.8378951
1291,5.69,20,3.0,21.0191803,105.8356888
1292,54.8,50,5.0,21.0141136,105.810892
1293,36.0,56,4.0,15.4529151,108.6282924
1294,10.35,31,3.0,21.0268177,105.8277705
1295,6.0,28,3.0,21.0101124,105.8378951
1296,20.0,24,4.0,21.0191803,105.8356888
1297,27.0,60,6.0,10.7694197,106.7044869
1298,35.0,50,5.0,21.0221676,105.8315756
1299,140.0,175,12.0,21.0221676,105.8315756
1300,55.0,108,6.0,21.0221676,105.8315756
1301,33.0,45,4.0,21.0221676,105.8315756
1302,56.0,84,6.0,21.0221676,105.8315756
1303,60.0,133,6.0,21.0221676,105.8315756
1304,28.0,73,4.0,21.0268177,105.8277705
1305,32.0,52,8.0,21.0067843,105.8301879
1306,19.0,42,4.0,21.0221676,105.8315756
1307,27.0,92,6.0,21.0221676,105.8315756
1308,18.0,37,4.0,21.0130296,105.8198834
1309,25.0,63,4.0,21.0221676,105.8315756
1310,60.0,128,1.0,21.0221676,105.8315756
1311,24.0,57,2.0,21.0191803,105.8356888
1312,19.0,60,15.0,21.0132247,105.8356425
1313,12.3,41,3.0,21.0221676,105.8315756
1314,9.8,35,3.0,10.7694197,106.7044869
1315,8.69,33,3.0,21.0080135,105.8204891
1316,8.8,35,2.0,10.7454993,106.6191866
1317,6.8,26,4.0,21.0107676,105.9044431
1318,11.8,50,4.0,21.0130296,105.8198834
1319,13.8,32,3.0,21.0130296,105.8198834
1321,10.8,120,3.0,19.8279264,105.7779134
1322,16.5,37,3.0,21.0170313,105.8188368
1324,20.3,70,15.0,21.0100453,105.8105522
1325,64.8,80,4.0,21.1529333,106.1511737
1326,8.5,44,3.0,21.0045638,105.8257682
1327,24.3,60,14.0,21.004213,105.8400919
1328,19.5,68,2.0,21.0207261,105.8257364
1329,42.0,58,4.0,21.0170313,105.8188368
1330,57.0,74,8.0,21.0132247,105.8356425
1331,40.0,65,4.0,21.0170313,105.8188368
1332,21.5,29,3.0,21.0114811,105.8184899
1333,27.5,58,6.0,21.0110418,105.8377791
1334,27.0,86,7.0,21.0110418,105.8377791
1335,30.0,45,6.0,21.0114811,105.8184899
1336,28.0,54,2.0,21.0132247,105.8356425
1337,19.9,54,5.0,10.7694197,106.7044869
1338,110.0,159,10.0,21.0265093,105.8319343
1339,27.0,93,4.0,10.7637813,106.6814719
1340,34.0,48,6.0,21.0162855,105.8356893
1341,33.0,65,6.0,21.0267222,105.8260305
1342,28.5,84,4.0,10.7694197,106.7044869
1343,22.5,42,2.0,21.0267212,105.8366818
1344,21.3,38,4.0,21.0221676,105.8315756
1345,43.0,84,3.0,21.0265781,105.8343685
1346,24.0,32,4.0,21.0293136,105.8289153
1347,37.0,62,10.0,10.7694197,106.7044869
1348,36.8,80,6.0,21.0205033,105.8216813
1349,30.0,52,3.0,21.1529333,106.1511737
1350,40.0,65,2.0,21.0265093,105.8319343
1351,105.0,163,7.0,21.0080135,105.8204891
1352,30.5,72,6.0,21.0190872,105.8049354
1353,38.0,96,4.0,21.0190872,105.8049354
1354,37.2,67,20.0,21.0190872,105.8049354
1355,18.3,45,3.0,21.0188291,105.8188562
1357,25.8,65,5.0,21.0058923,105.8326272
1358,35.0,106,9.0,21.0118476,105.8316871
1359,47.0,118,5.0,21.0130296,105.8198834
1360,33.0,115,17.0,21.0180529,105.9016988
1361,35.0,99,14.0,15.4529151,108.6282924
1362,15.0,45,4.0,21.0077934,105.8343508
1364,19.2,52,6.0,21.0170313,105.8188368
1366,16.2,30,3.0,14.3639213,107.997249
1367,23.9,48,6.0,21.0162855,105.8356893
1368,31.5,86,3.0,21.0130296,105.8198834
1369,40.0,79,4.0,10.7791664,106.9579212
1370,23.0,55,5.0,21.0180529,105.9016988
1371,9.5,34,3.0,21.0162855,105.8356893
1372,29.5,63,8.0,21.0080135,105.8204891
1373,15.7,50,4.0,21.0170313,105.8188368
1374,18.8,45,6.0,21.0107676,105.9044431
1375,14.2,66,11.0,21.0221676,105.8315756
1376,12.2,50,4.0,21.0067843,105.8301879
1377,19.5,55,12.0,21.0270733,105.8274037
1378,27.0,70,4.0,21.0205033,105.8216813
1379,19.8,66,3.0,21.0020229,105.821533
1380,43.0,64,4.0,21.021617,105.8119248
1381,14.9,60,4.0,21.0130296,105.8198834
1382,12.6,38,3.0,21.0221676,105.8315756
1383,25.5,72,6.0,21.0130296,105.8198834
1384,23.5,52,4.0,21.0205033,105.8216813
1385,35.0,218,4.0,21.0477865,105.8009131
1386,29.5,70,5.0,21.0130296,105.8198834
1387,29.5,60,5.0,21.0165613,105.825155
1388,6.28,22,3.0,21.0221676,105.8315756
1389,6.75,30,3.0,21.0132247,105.8356425
1390,11.88,35,4.0,21.0132247,105.8356425
1391,1.37,32,1.0,21.0231515,105.8018711
1392,11.8,35,4.0,21.0162855,105.8356893
1393,13.5,57,4.0,21.0080135,105.8204891
1394,7.95,40,5.0,21.0191803,105.8356888
1395,6.8,18,3.0,21.0089762,105.824347
1396,8.3,38,4.0,10.7694197,106.7044869
1397,7.29,25,3.0,21.0221676,105.8315756
1398,6.7,42,3.0,21.0282193,105.8272156
1399,9.6,36,3.0,17.4703859,106.6084716
1400,12.5,40,3.0,21.0207261,105.8257364
1401,14.5,45,4.0,21.0089762,105.824347
1402,3.85,60,2.0,21.004213,105.8400919
1403,12.22,39,3.0,21.0132247,105.8356425
1404,10.3,46,2.0,21.0089762,105.824347
1405,7.75,27,3.0,17.471554,106.6033601
1406,9.8,54,4.0,19.8279264,105.7779134
1407,16.56,35,3.0,21.0202025,105.8075809
1408,8.85,32,3.0,21.0132247,105.8356425
1409,9.8,54,3.0,21.0202025,105.8075809
1410,3.85,65,2.0,21.0080135,105.8204891
1411,11.8,75,4.0,21.0221676,105.8315756
1412,8.2,46,5.0,21.0132247,105.8356425
1413,3.83,22,3.0,10.7791664,106.9579212
1414,3.95,19,3.0,16.0816054,108.2230231
1415,3.65,65,2.0,21.004213,105.8400919
1416,9.1,33,4.0,10.7694197,106.7044869
1417,19.8,51,4.0,16.0816054,108.2230231
1418,28.5,84,10.0,10.7694197,106.7044869
1419,22.0,70,3.0,10.7694197,106.7044869
1420,28.5,55,5.0,21.0114811,105.8184899
1421,28.0,50,5.0,21.0114811,105.8184899
1422,23.8,52,4.0,21.0207261,105.8257364
1423,180.0,270,30.0,21.0162855,105.8356893
1424,31.5,38,4.0,21.0188963,105.8274121
1425,37.5,50,5.0,21.0162855,105.8356893
1426,37.5,50,5.0,21.0162855,105.8356893
1427,6.25,30,4.0,21.0293136,105.8289153
1428,8.5,40,3.0,21.0180529,105.9016988
1429,14.9,60,4.0,21.0130296,105.8198834
1430,14.9,60,4.0,21.0130296,105.8198834
1431,17.0,60,2.0,21.0191803,105.8356888
1432,18.0,40,4.0,21.0477865,105.8009131
1433,190.0,250,10.0,21.0172365,105.8291997
1434,88.0,135,5.0,21.0089762,105.824347
1435,120.0,180,9.0,21.0114811,105.8184899
1436,118.0,165,8.0,21.0130296,105.8198834
1437,55.0,95,8.0,15.4529151,108.6282924
1438,150.0,240,8.0,21.0045638,105.8257682
1439,55.0,99,9.0,21.0207261,105.8257364
1440,50.0,95,5.0,21.9039451,106.319809
1441,45.0,88,4.0,21.0207261,105.8257364
1442,46.0,95,5.0,21.0188291,105.8188562
1443,155.0,220,16.0,21.004213,105.8400919
1444,118.0,173,11.0,20.9195018,105.873954
1445,50.0,88,5.0,21.0271559,105.8329971
1446,61.0,93,9.0,21.0274465,105.8322692
1447,48.0,85,5.0,21.0130296,105.8198834
1448,58.0,96,7.0,21.0221676,105.8315756
1450,155.0,220,3.0,21.0202025,105.8075809
1451,125.0,179,8.0,21.0477865,105.8009131
1452,120.0,179,10.0,21.0132324,105.8298403
1453,82.0,126,8.0,21.0082874,105.8305195
1454,70.0,121,6.0,21.0188291,105.8188562
1455,65.0,112,5.0,21.0207261,105.8257364
1456,63.0,109,6.0,21.0162855,105.8356893
1457,166.0,250,11.0,21.004213,105.8400919
1458,160.0,246,4.0,21.0274465,105.8322692
1459,175.0,230,10.0,21.0271559,105.8329971
1460,97.0,145,9.0,21.0067843,105.8301879
1461,185.0,255,9.0,21.0118476,105.8316871
1462,57.0,108,5.0,21.0020229,105.821533
1463,155.0,229,4.0,15.9855904,108.2688937
1464,130.0,210,2.0,21.0282193,105.8272156
1465,81.0,152,3.0,21.007093,105.8321762
1466,165.0,252,4.0,21.0162368,105.8080328
1467,95.0,161,8.0,21.0141136,105.810892
1468,125.0,191,9.0,20.9195018,105.873954
1469,175.0,280,7.0,21.0190872,105.8049354
1470,78.0,126,12.0,20.9195018,105.873954
1471,125.0,193,10.0,21.0101124,105.8378951
1472,52.0,98,4.0,21.0205033,105.8216813
1473,50.0,88,8.0,21.0188963,105.8274121
1474,110.0,189,10.0,21.0089762,105.824347
1475,45.0,75,7.0,20.6609677,106.0478667
1476,138.0,235,12.0,20.9195018,105.873954
1477,75.0,112,8.0,21.0271559,105.8329971
1478,68.0,115,6.0,21.0265093,105.8319343
1479,45.0,90,5.0,21.0020229,105.821533
1480,57.0,82,7.0,20.6609677,106.0478667
1481,155.0,200,7.0,21.0282193,105.8272156
1482,48.0,80,3.0,21.0101124,105.8378951
1483,46.0,80,5.0,21.004213,105.8400919
1484,160.0,225,7.0,21.0162855,105.8356893
1485,45.0,75,5.0,21.0221676,105.8315756
1487,44.0,83,6.0,15.4529151,108.6282924
1488,51.0,93,4.0,21.0045638,105.8257682
1489,45.0,97,3.0,21.0058923,105.8326272
1490,95.0,165,2.0,21.0029657,105.841228
1491,83.0,130,9.0,21.0101124,105.8378951
1492,47.0,80,1.0,21.0282193,105.8272156
1493,66.0,116,3.0,21.0114811,105.8184899
1494,90.0,156,2.0,21.0130296,105.8198834
1495,50.0,94,3.0,21.0194793,105.8271676
1496,85.0,135,6.0,16.059039,108.2103924
1497,185.0,305,12.0,20.9994944,105.8286999
1498,185.0,293,12.0,10.7791664,106.9579212
1499,235.0,320,12.0,20.9195018,105.873954
1500,195.0,285,11.0,21.007093,105.8321762
1501,215.0,303,12.0,21.0162368,105.8080328
1502,195.0,280,10.0,21.0141136,105.810892
1503,155.0,220,9.0,20.9195018,105.873954
1504,195.0,305,12.0,21.0190872,105.8049354
1505,158.0,186,9.0,21.0101124,105.8378951
1506,155.0,230,8.0,21.0282193,105.8272156
1507,158.0,216,9.0,21.0282193,105.8272156
1508,115.0,168,9.0,21.0188963,105.8274121
1509,260.0,348,11.0,21.0172365,105.8291997
1510,199.0,380,11.0,21.0292462,105.8267231
1511,91.0,152,9.0,21.0271559,105.8329971
1512,80.0,116,9.0,21.0274465,105.8322692
1513,280.0,460,11.0,21.0067843,105.8301879
1514,440.0,718,11.0,21.0130296,105.8198834
1515,186.0,290,9.0,21.0282193,105.8272156
1516,82.0,123,9.0,21.0020229,105.821533
1517,105.0,168,9.0,21.0267222,105.8260305
1518,305.0,424,11.0,21.0221676,105.8315756
1520,169.0,250,10.0,21.0221676,105.8315756
1521,106.0,155,9.0,21.0077934,105.8343508
1522,340.0,550,11.0,21.0477865,105.8009131
1523,999.0,1688,24.0,21.0130296,105.8198834
1524,90.0,148,9.0,21.0202025,105.8075809
1525,110.0,177,9.0,21.0272615,105.8284696
1526,94.0,126,9.0,21.0188963,105.8274121
1527,440.0,558,11.0,21.0101124,105.8378951
1528,115.0,167,9.0,21.0141136,105.810892
1529,124.0,186,9.0,21.0172365,105.8291997
1530,180.0,262,9.0,21.0267212,105.8366818
1531,116.0,173,9.0,21.0265093,105.8319343
1532,195.0,273,9.0,21.0130296,105.8198834
1533,110.0,156,9.0,21.0080135,105.8204891
1534,16.9,85,21.0,21.0127022,105.8411095
1535,8.18,40,4.0,21.0101124,105.8378951
1536,9.5,60,2.0,21.0221676,105.8315756
1537,32.0,111,28.0,21.0265093,105.8319343
1538,13.0,60,13.0,21.0132247,105.8356425
1539,15.0,55,13.0,21.0045638,105.8257682
1540,8.3,44,3.0,21.0045638,105.8257682
1541,9.5,32,3.0,21.0190872,105.8049354
1542,9.7,34,3.0,21.9039451,106.319809
1543,8.9,32,3.0,21.0080135,105.8204891
1544,9.6,30,3.0,21.0202025,105.8075809
1545,15.5,46,3.0,21.0145189,105.8058922
1546,14.8,36,4.0,21.0145189,105.8058922
1547,15.2,43,6.0,21.0145189,105.8058922
1548,8.95,30,3.0,21.9039451,106.319809
1549,26.9,98,5.0,21.0265093,105.8319343
1550,25.0,70,6.0,21.0130296,105.8198834
1551,27.5,120,4.0,21.004213,105.8400919
1552,14.0,54,12.0,20.9994944,105.8286999
1553,9.88,51,11.0,21.0089762,105.824347
1554,6.1,35,4.0,20.9717804,105.7907026
1556,13.3,40,3.0,21.0303028,105.8323608
1557,6.5,33,2.0,20.9717804,105.7907026
1559,170.0,190,50.0,20.9717804,105.7907026
1560,170.0,190,50.0,10.7688288,106.6948692
1561,170.0,190,50.0,21.0301112,105.8345747
1562,170.0,190,50.0,10.7688288,106.6948692
1563,170.0,190,50.0,21.0265093,105.8319343
1564,170.0,190,50.0,21.0293136,105.8289153
1565,250.0,280,60.0,20.9717804,105.7907026
1566,300.0,420,6.0,10.7688288,106.6948692
1567,13.9,44,4.0,21.007093,105.8321762
1568,8.8,30,3.0,21.0272615,105.8284696
1569,18.8,45,6.0,21.0107676,105.9044431
1570,22.0,41,6.0,15.4529151,108.6282924
1571,14.8,36,3.0,21.0130296,105.8198834
1572,10.8,40,3.0,21.0268177,105.8277705
1573,15.0,74,4.0,21.0132247,105.8356425
1574,9.85,38,3.0,21.0191803,105.8356888
1575,14.0,42,6.0,21.0130296,105.8198834
1576,18.0,58,4.0,21.0212843,105.8256835
1577,82.0,350,4.0,21.0268177,105.8277705
1578,23.6,62,10.0,21.021617,105.8119248
1579,60.0,130,12.0,21.0130296,105.8198834
1581,7.99,40,4.0,20.9809385,105.789608
1582,6.5,31,4.0,19.7600096,105.7776766
1583,18.5,45,4.0,19.7600096,105.7776766
1584,18.0,50,4.0,19.7600096,105.7776766
1585,18.5,50,4.0,16.0590115,108.1722423
1586,1.68,40,3.0,19.7600096,105.7776766
1587,7.3,33,4.0,20.9641529,105.7616362
1588,13.35,50,6.0,20.985938,106.0449405
1589,15.5,53,4.0,16.0648817,108.1958088
1590,7.8,40,5.0,19.8080305,105.77688
1591,4.75,30,3.0,20.985938,106.0449405
1592,11.3,50,4.0,19.7600096,105.7776766
1593,13.0,62,5.0,20.9641678,105.7893472
1594,11.5,31,4.0,19.8080305,105.77688
1595,11.5,35,4.0,19.8080305,105.77688
1596,12.9,44,4.0,21.0485741,105.7486889
1597,10.3,39,3.0,20.9788306,105.7731559
1598,15.0,27,3.0,20.1207716,105.8490068
1599,13.95,43,4.0,20.9827297,105.7854051
1600,13.35,43,6.0,21.0952279,105.7017849
1601,12.3,51,2.0,20.9661423,105.9745252
1602,12.8,50,4.0,19.8080305,105.77688
1603,11.6,33,6.0,20.9788306,105.7731559
1604,12.8,56,3.0,20.9641678,105.7893472
1605,11.95,39,3.0,10.7584265,106.6727204
1606,24.6,60,6.0,10.7711927,106.7051208
1607,9.95,50,2.0,15.5389887,108.4660736
1608,17.95,56,6.0,21.0074352,105.7141276
1609,21.8,65,4.0,20.9641678,105.7893472
1610,15.8,50,2.0,19.8164755,105.7758234
1611,11.8,42,3.0,19.8080305,105.77688
1612,8.8,50,3.0,20.9661423,105.9745252
1613,13.95,50,1.0,20.9788306,105.7731559
1614,17.2,50,5.0,20.9641529,105.7616362
1617,47.5,230,5.0,20.9641529,105.7616362
1618,12.9,58,1.0,20.9706162,105.7630541
1619,42.0,80,5.0,19.7292041,105.7820827
1620,13.2,202,4.0,20.0822324,105.5246664
1621,36.0,220,5.0,20.9574439,105.7665716
1622,9.1,40,3.0,20.9663866,105.7655272
1623,8.8,54,4.0,19.8164755,105.7758234
1625,11.6,35,4.0,20.9788306,105.7731559
1626,16.5,45,4.0,16.070973,108.1569813
1627,39.0,180,4.0,17.4508779,106.6164242
1628,18.8,90,4.0,20.9641529,105.7616362
1629,15.5,45,2.0,20.9030054,106.3114138
1631,26.5,83,5.0,20.9403738,106.797483
1632,22.0,61,5.0,20.9641678,105.7893472
1633,7.0,30,4.0,20.9663866,105.7655272
1634,16.6,60,5.0,19.7600096,105.7776766
1635,28.0,200,5.0,22.4563269,103.9925956
1636,32.0,230,5.0,22.4563269,103.9925956
1637,29.0,170,5.0,20.9403738,106.797483
1638,7.1,93,3.0,16.0637743,108.1599756
1639,15.0,75,6.0,16.0584008,108.2401844
1640,10.0,55,3.0,20.9641529,105.7616362
1641,7.8,35,3.0,19.7600096,105.7776766
1642,9.0,35,3.0,21.0147861,105.8593622
1643,6.5,60,2.0,20.9641529,105.7616362
1644,17.8,50,4.0,20.9641529,105.7616362
1646,4.9,35,2.0,19.8164755,105.7758234
1647,16.65,56,4.0,19.7600096,105.7776766
1648,23.5,90,4.0,20.9641529,105.7616362
1650,8.3,122,2.0,20.0822324,105.5246664
1652,7.8,35,3.0,21.0064671,105.7870381
1653,23.6,70,4.0,19.7600096,105.7776766
1654,9.8,39,4.0,20.9661423,105.9745252
1655,39.9,210,4.0,21.0485741,105.7486889
1656,22.9,50,3.0,19.7292041,105.7820827
1657,6.0,30,3.0,19.7600096,105.7776766
1658,8.2,41,4.0,20.9641529,105.7616362
1659,27.5,170,4.0,19.7292041,105.7820827
1662,22.8,50,5.0,20.9641529,105.7616362
1664,13.3,52,4.0,20.5677554,105.9199391
1665,17.5,50,4.0,20.9641529,105.7616362
1666,16.3,40,4.0,16.070973,108.1569813
1667,7.5,38,3.0,19.8164755,105.7758234
1669,38.8,200,4.0,20.9641529,105.7616362
1670,20.8,90,4.0,20.9641529,105.7616362
1671,13.5,40,2.0,19.7292041,105.7820827
1672,19.8,77,4.0,20.9641529,105.7616362
1673,16.3,40,2.0,16.070973,108.1569813
1674,13.8,60,4.0,20.5677554,105.9199391
1675,13.3,55,4.0,20.5677554,105.9199391
1676,12.8,40,2.0,16.070973,108.1569813
1677,18.8,90,4.0,20.9641529,105.7616362
1678,19.6,66,4.0,20.0822324,105.5246664
1679,5.8,86,2.0,20.9641678,105.7893472
1680,7.3,33,3.0,21.0064671,105.7870381
1683,18.6,50,4.0,19.7600096,105.7776766
1685,13.5,50,2.0,20.9774238,105.76316
1686,20.5,82,4.0,20.9403738,106.797483
1687,15.9,50,1.0,21.0064671,105.7870381
1688,29.5,100,3.0,19.8164755,105.7758234
1689,3.8,38,1.0,22.3396951,103.8486889
1690,17.95,98,6.0,21.0229837,105.8517102
1691,9.0,80,1.0,16.0692301,108.1474069
1692,7.65,110,3.0,15.9266657,107.9650855
1693,18.6,95,3.0,20.983776,105.7898404
1695,17.0,100,6.0,20.9788106,105.79595
1697,13.9,45,2.0,20.9030054,106.3114138
1698,13.2,45,6.0,20.9030054,106.3114138
1699,6.85,40,4.0,19.8080305,105.77688
1700,9.6,40,4.0,20.9788306,105.7731559
1701,63.0,263,2.0,19.7600096,105.7776766
1702,8.0,48,1.0,20.9807893,105.7788131
1703,16.45,50,6.0,20.9559921,105.7940221
1704,12.8,45,6.0,20.9771413,105.7762273
1705,6.5,40,6.0,20.9771413,105.7762273
1706,6.5,40,6.0,21.0064671,105.7870381
1707,8.15,40,4.0,20.9807893,105.7788131
1708,25.6,80,6.0,20.0822324,105.5246664
1709,52.5,177,6.0,22.4563269,103.9925956
1710,5.95,35,6.0,18.6852136,105.6870842
1711,2.75,60,2.0,20.9706162,105.7630541
1712,7.5,50,6.0,21.0952279,105.7017849
1713,16.5,90,8.0,16.0637743,108.1599756
1714,10.0,70,6.0,19.8080305,105.77688
1715,14.8,34,6.0,21.0074352,105.7141276
1716,14.5,70,6.0,20.9788106,105.79595
1717,50.0,140,8.0,20.9641529,105.7616362
1718,11.5,38,4.0,20.9804025,105.7818906
1719,11.0,36,4.0,20.9804025,105.7818906
1720,11.0,36,4.0,20.9804025,105.7818906
1721,13.0,50,4.0,20.9663866,105.7655272
1722,18.0,75,6.0,20.9574439,105.7665716
1723,21.0,85,4.0,20.9641529,105.7616362
1724,15.0,75,3.0,10.7506359,106.6520782
1725,33.0,86,6.0,20.0822324,105.5246664
1726,30.0,87,6.0,20.0822324,105.5246664
1727,16.0,50,6.0,20.9661423,105.9745252
1728,25.5,83,6.0,20.9403738,106.797483
1729,13.0,40,4.0,16.0318705,108.2293528
1730,12.0,40,3.0,21.0477865,105.8009131
1731,70.0,210,6.0,21.0135089,105.7701658
1732,21.0,85,6.0,16.0637743,108.1599756
1733,16.3,51,4.0,19.8164755,105.7758234
1734,10.0,42,6.0,20.9706162,105.7630541
1735,11.0,46,6.0,19.8164755,105.7758234
1736,10.0,45,4.0,20.9661423,105.9745252
1737,11.0,46,6.0,19.7600096,105.7776766
1738,14.0,68,4.0,20.9661423,105.9745252
1739,7.3,54,4.0,20.9641529,105.7616362
1740,7.3,54,4.0,20.9641529,105.7616362
1741,10.0,45,4.0,16.070973,108.1569813
1742,11.0,46,6.0,16.070973,108.1569813
1743,11.5,40,4.0,20.8344354,106.6994966
1744,9.0,45,4.0,10.7506359,106.6520782
1745,12.0,55,4.0,16.070973,108.1569813
1746,11.2,45,6.0,20.9661423,105.9745252
1747,17.0,50,6.0,16.070973,108.1569813
1748,29.0,180,6.0,21.0135089,105.7701658
1750,41.9,200,8.0,21.0135089,105.7701658
1751,14.0,80,6.0,20.9641529,105.7616362
1752,20.0,55,6.0,19.7292041,105.7820827
1753,22.0,60,6.0,19.7292041,105.7820827
1754,21.0,84,6.0,16.0637743,108.1599756
1755,11.9,50,1.0,21.0135089,105.7701658
1756,13.0,50,1.0,20.9586731,105.8052546
1757,30.99,190,6.0,21.0135089,105.7701658
1758,28.9,200,6.0,21.0135089,105.7701658
1759,12.0,60,1.0,20.9559921,105.7940221
1760,20.0,55,6.0,19.7292041,105.7820827
1761,22.0,60,6.0,19.7292041,105.7820827
1762,30.99,190,6.0,21.0135089,105.7701658
1763,28.9,200,6.0,21.0135089,105.7701658
1764,11.9,50,1.0,21.0135089,105.7701658
1765,13.0,50,1.0,20.9586731,105.8052546
1766,21.0,84,6.0,16.0637743,108.1599756
1767,12.0,60,1.0,20.9559921,105.7940221
1769,15.8,50,5.0,20.9586731,105.8052546
1770,10.3,50,1.0,20.9762787,105.7680043
1772,22.0,55,6.0,19.7292041,105.7820827
1774,17.0,83,6.0,19.7292041,105.7820827
1775,22.8,60,6.0,19.7292041,105.7820827
1776,23.0,70,24.0,19.7600096,105.7776766
1777,23.0,80,24.0,19.7600096,105.7776766
1778,15.0,52,6.0,19.7600096,105.7776766
1781,19.6,120,6.0,20.9641529,105.7616362
1783,16.0,83,6.0,20.9762787,105.7680043
1784,12.0,50,6.0,21.0135089,105.7701658
1785,10.0,50,5.0,20.9804025,105.7818906
1787,20.0,60,5.0,19.7292041,105.7820827
1788,26.2,130,6.0,20.9641529,105.7616362
1789,13.5,40,6.0,20.9809385,105.789608
1790,15.0,100,8.0,19.7292041,105.7820827
1791,10.0,50,1.0,19.7600096,105.7776766
1792,9.6,36,6.0,20.9804025,105.7818906
1793,57.0,192,12.0,19.7292041,105.7820827
1794,15.6,75,5.0,19.7292041,105.7820827
1795,13.0,60,6.0,20.9641529,105.7616362
1796,12.0,50,4.0,20.9641529,105.7616362
1797,12.0,60,6.0,19.7600096,105.7776766
1799,24.0,105,10.0,19.7292041,105.7820827
1800,10.0,52,1.0,19.7600096,105.7776766
1801,13.0,50,6.0,20.9641529,105.7616362
1802,17.0,76,6.0,16.0637743,108.1599756
1803,11.9,50,4.0,20.951786,105.7915697
1804,13.2,50,4.0,20.951786,105.7915697
1805,14.0,75,4.0,19.7292041,105.7820827
1806,20.0,83,6.0,19.7292041,105.7820827
1807,15.0,75,6.0,19.7292041,105.7820827
1808,13.0,56,4.0,16.070973,108.1569813
1809,11.5,50,1.0,21.0135089,105.7701658
1810,15.0,75,6.0,19.7292041,105.7820827
1813,21.0,130,8.0,19.8164755,105.7758234
1814,17.8,83,6.0,19.7292041,105.7820827
1815,16.0,76,4.0,16.0637743,108.1599756
1816,15.0,56,6.0,20.9641529,105.7616362
1817,12.0,50,4.0,16.070973,108.1569813
1818,13.5,50,1.0,21.0135089,105.7701658
1819,30.0,180,6.0,21.0135089,105.7701658
1820,40.0,200,8.0,19.7292041,105.7820827
1821,25.0,95,8.0,19.7292041,105.7820827
1822,18.0,76,6.0,20.9641678,105.7893472
1823,14.5,60,6.0,20.9641529,105.7616362
1824,23.0,65,6.0,19.7292041,105.7820827
1825,14.0,45,8.0,16.070973,108.1569813
1826,9.0,50,1.0,19.7600096,105.7776766
1827,30.0,200,8.0,19.7292041,105.7820827
1828,13.0,50,6.0,19.7600096,105.7776766
1829,11.0,60,1.0,20.9559921,105.7940221
1830,27.0,86,8.0,19.7292041,105.7820827
1832,17.0,75,4.0,16.0637743,108.1599756
1834,40.0,200,12.0,19.7292041,105.7820827
1837,11.9,50,6.0,20.9641529,105.7616362
1838,22.0,75,8.0,19.7292041,105.7820827
1839,20.0,83,6.0,19.7292041,105.7820827
1840,20.0,83,6.0,19.7292041,105.7820827
1841,22.0,82,6.0,16.0637743,108.1599756
1842,30.0,232,8.0,20.9641529,105.7616362
1844,14.9,75,6.0,19.7600096,105.7776766
1845,22.0,75,8.0,19.7292041,105.7820827
1846,14.0,55,6.0,19.7292041,105.7820827
1847,19.0,83,6.0,19.7292041,105.7820827
1848,20.0,85,6.0,16.0637743,108.1599756
1849,20.0,83,6.0,19.7292041,105.7820827
1850,11.0,54,1.0,19.8164755,105.7758234
1851,10.0,60,1.0,19.8164755,105.7758234
1852,20.0,150,8.0,20.9641529,105.7616362
1853,12.0,50,1.0,19.7600096,105.7776766
1854,20.0,83,6.0,19.7292041,105.7820827
1855,14.0,50,6.0,16.070973,108.1569813
1856,11.5,60,1.0,20.9559921,105.7940221
1857,20.0,83,6.0,19.7292041,105.7820827
1858,14.9,50,1.0,19.7292041,105.7820827
1859,22.0,83,6.0,20.9774238,105.76316
1860,22.0,83,6.0,20.9774238,105.76316
1861,23.0,86,6.0,19.7292041,105.7820827
1862,12.0,50,1.0,19.7600096,105.7776766
1863,18.0,83,6.0,19.7292041,105.7820827
1864,15.0,50,6.0,20.9641529,105.7616362
1865,13.2,50,6.0,19.7292041,105.7820827
1866,19.0,83,6.0,19.7292041,105.7820827
1867,18.0,75,6.0,19.7292041,105.7820827
1868,31.0,130,6.0,20.9641529,105.7616362
1869,14.0,50,1.0,20.9762787,105.7680043
1870,32.0,93,16.0,19.7292041,105.7820827
1871,12.0,50,1.0,20.9762787,105.7680043
1872,20.3,83,6.0,16.0637743,108.1599756
1873,18.0,83,6.0,19.7292041,105.7820827
1874,25.0,120,46.0,20.9559921,105.7940221
1875,4.2,70,2.0,20.0822324,105.5246664
1876,30.0,3500,8.0,22.3396951,103.8486889
1877,23.0,502,1.0,19.7292041,105.7820827
1878,16.8,70,6.0,16.070973,108.1569813
1879,10.0,58,1.0,19.7600096,105.7776766
1880,24.0,83,1.0,20.9788306,105.7731559
1882,25.0,110,5.0,19.7292041,105.7820827
1883,13.0,50,4.0,21.0135089,105.7701658
1884,13.9,60,1.0,20.9559921,105.7940221
1885,16.0,64,6.0,20.9641529,105.7616362
1886,19.0,60,6.0,20.951786,105.7915697
1887,19.9,83,6.0,19.7292041,105.7820827
1888,69.9,205,6.0,21.0135089,105.7701658
1889,14.95,45,8.0,16.0318705,108.2293528
1890,15.95,58,6.0,19.7600096,105.7776766
1891,20.0,135,6.0,20.9788106,105.79595
1892,5.8,100,3.0,10.7470686,106.6587382
1894,21.5,89,4.0,20.9586731,105.8052546
1895,12.6,94,5.0,20.9641529,105.7616362
1896,16.5,50,6.0,20.9788106,105.79595
1897,49.888,231,5.0,16.0637743,108.1599756
1898,29.99,110,25.0,22.3396951,103.8486889
1899,32.0,210,35.0,19.7600096,105.7776766
1900,24.0,104,33.0,20.9788106,105.79595
1901,26.0,80,26.0,16.0637743,108.1599756
1902,18.0,72,18.0,20.0822324,105.5246664
1903,17.9,71,18.0,19.8080305,105.77688
1904,21.5,90,20.0,19.8080305,105.77688
1905,27.5,110,31.0,20.9420568,105.7567802
1906,24.9,201,32.0,19.7600096,105.7776766
1907,26.0,85,21.0,19.8080305,105.77688
1908,25.0,89,20.0,20.9030054,106.3114138
1909,25.0,200,32.0,22.3396951,103.8486889
1910,5.8,36,4.0,15.5389887,108.4660736
1911,4.38,38,4.0,20.9407628,105.9584591
1912,5.5,31,1.0,21.2751127,106.1863205
1913,5.6,30,3.0,21.1583582,105.8157865
1914,6.8,31,3.0,20.9559921,105.7940221
1915,3.86,35,3.0,20.9494957,105.7315715
1916,3.22,30,3.0,20.9494957,105.7315715
1917,6.35,40,3.0,10.7782241,106.6931855
1918,10.2,58,7.0,21.0459501,105.804886
1919,11.9,34,3.0,20.9641529,105.7616362
1920,10.34,50,4.0,21.0059375,105.8548684
1921,10.68,45,3.0,21.0018079,105.8494061
1922,19.5,45,4.0,21.0110874,105.8596068
1923,30.0,100,28.0,20.9982275,105.8458768
1924,32.0,100,30.0,10.7791664,106.9579212
1925,32.0,100,30.0,20.9964465,105.8461806
1926,6.45,33,3.0,21.0029942,105.8508661
1927,10.6,38,3.0,20.9950755,105.8729385
1928,11.9,36,4.0,21.0018079,105.8494061
1929,385.0,360,2.0,21.0193526,105.8518473
1930,20.4,50,6.0,21.0059375,105.8548684
1931,15.3,58,14.0,20.9982275,105.8458768
1932,33.0,100,5.0,21.1226572,105.9680607
1933,15.6,41,4.0,21.0066239,105.8071455
1934,12.0,40,3.0,21.0066239,105.8071455
1935,10.8,37,3.0,21.0029942,105.8508661
1936,45.6,98,5.0,21.0059375,105.8548684
1937,13.5,46,4.0,15.9266657,107.9650855
1938,20.0,50,2.0,21.0030097,105.8682548
1939,11.95,96,3.0,21.0100868,105.8478024
1940,9.0,95,2.0,20.9956281,105.8428307
1941,12.1,98,3.0,21.1226572,105.9680607
1942,11.9,88,2.0,21.1226572,105.9680607
1943,10.98,106,3.0,20.9950755,105.8729385
1944,11.9,87,3.0,21.1226572,105.9680607
1945,8.95,76,2.0,21.1226572,105.9680607
1946,10.6,77,2.0,21.1226572,105.9680607
1947,5.35,20,3.0,21.0029942,105.8508661
1948,110.0,150,9.0,21.0188681,105.8431002
1949,8.3,77,2.0,21.1226572,105.9680607
1951,7.95,23,2.0,21.0004872,105.8635716
1952,9.0,38,3.0,20.9964465,105.8461806
1953,11.8,100,3.0,21.0100868,105.8478024
1954,11.79,100,3.0,21.0100868,105.8478024
1955,7.3,70,2.0,20.9646301,105.8685606
1956,26.5,51,4.0,21.0004872,105.8635716
1957,10.5,48,4.0,21.0088807,105.855467
1958,7.5,30,3.0,10.6075171,107.0564777
1959,6.8,37,3.0,10.6075171,107.0564777
1960,47.0,136,20.0,21.0018226,105.8438685
1961,27.0,79,6.0,20.9956281,105.8428307
1962,6.3,25,3.0,21.0018079,105.8494061
1964,12.9,43,7.0,20.9982275,105.8458768
1965,9.5,45,3.0,20.9997954,105.8616291
1966,7.99,35,3.0,20.9950755,105.8729385
1967,5.65,50,4.0,20.9950755,105.8729385
1968,9.0,38,2.0,21.0029942,105.8508661
1969,21.0,45,2.0,20.9995427,105.8567048
1970,37.0,55,3.0,21.0129944,105.8510299
1971,75.0,130,6.0,21.017044,105.8542896
1972,58.0,108,4.0,21.0158778,105.8541981
1973,110.0,110,16.0,21.0158778,105.8541981
1974,165.0,230,6.0,16.070973,108.1569813
1975,150.0,190,14.0,21.0029942,105.8508661
1976,29.0,50,6.0,20.9997954,105.8616291
1977,43.0,74,6.0,20.9964465,105.8461806
1978,500.0,320,10.0,21.0130865,105.8491392
1979,106.0,142,4.0,21.0198796,105.8419583
1980,15.0,34,3.0,20.9997954,105.8616291
1981,57.0,98,6.0,21.0029942,105.8508661
1982,11.0,23,2.0,21.1226572,105.9680607
1983,150.0,166,4.0,16.052534,108.2343461
1984,19.0,90,6.0,10.7473211,106.6495233
1985,16.0,50,4.0,21.1112676,105.9560905
1986,38.0,57,3.0,16.052534,108.2343461
1987,6.4,33,3.0,21.0029942,105.8508661
1988,10.3,43,4.0,21.0029942,105.8508661
1989,22.8,68,21.0,20.9646301,105.8685606
1990,5.6,23,3.0,21.0088807,105.855467
1991,3.86,80,3.0,20.9788469,105.8431746
1992,13.9,50,4.0,21.0029942,105.8508661
1993,12.0,45,4.0,21.0029942,105.8508661
1995,9.2,40,4.0,20.9988237,105.85365
1996,7.5,45,4.0,21.1226572,105.9680607
1997,7.5,40,4.0,21.1226572,105.9680607
1998,24.5,70,4.0,21.0030097,105.8682548
1999,17.5,54,4.0,21.0004872,105.8635716
2000,12.46,62,4.0,21.0066239,105.8071455
2001,12.0,60,4.0,21.0030097,105.8682548
2002,13.0,44,3.0,20.9997954,105.8616291
2003,11.0,62,4.0,21.0066239,105.8071455
2004,21.0,79,9.0,21.0030097,105.8682548
2005,16.0,50,4.0,21.1226572,105.9680607
2006,23.0,80,4.0,21.0030097,105.8682548
2007,18.0,75,5.0,21.0030097,105.8682548
2008,20.0,70,4.0,21.0030097,105.8682548
2009,18.0,50,5.0,21.0059375,105.8548684
2010,20.0,80,5.0,21.0030097,105.8682548
2011,21.0,70,4.0,21.0030097,105.8682548
2012,20.0,85,4.0,21.0030097,105.8682548
2013,20.0,68,6.0,20.9646301,105.8685606
2014,30.0,60,5.0,21.0066239,105.8071455
2015,20.0,60,6.0,21.0085016,105.8497888
2016,20.0,55,3.0,21.0088807,105.855467
2017,30.0,45,4.0,21.0107986,105.8458009
2018,12.0,61,4.0,21.0030097,105.8682548
2019,14.0,60,3.0,21.0100868,105.8478024
2020,13.0,46,4.0,21.0110874,105.8596068
2021,24.0,70,4.0,21.0030097,105.8682548
2022,12.0,45,4.0,21.0088807,105.855467
2023,12.0,44,4.0,21.0110874,105.8596068
2024,13.0,46,5.0,21.0110874,105.8596068
2025,13.0,47,4.0,20.9982275,105.8458768
2026,12.0,44,4.0,21.0110874,105.8596068
2027,50.0,50,4.0,20.9997954,105.8616291
2028,12.0,44,3.0,20.9997954,105.8616291
2029,20.0,68,4.0,21.0030097,105.8682548
2030,15.1,54,3.0,21.0030097,105.8682548
2031,12.0,44,4.0,20.9997954,105.8616291
2032,20.0,45,4.0,21.0004872,105.8635716
2033,17.0,55,6.0,20.9982275,105.8458768
2034,13.0,50,4.0,20.9997954,105.8616291
2035,12.0,45,4.0,20.9997954,105.8616291
2036,13.0,47,4.0,20.9982275,105.8458768
2037,20.0,70,4.0,21.0030097,105.8682548
2038,13.0,45,4.0,20.9997954,105.8616291
2039,20.0,68,4.0,21.0030097,105.8682548
2040,20.0,70,4.0,21.0030097,105.8682548
2041,13.0,55,6.0,21.0088807,105.855467
2042,14.8,52,4.0,21.1226572,105.9680607
2043,14.0,52,4.0,20.9950755,105.8729385
2044,15.0,60,4.0,21.0088807,105.855467
2045,12.0,44,3.0,20.9982275,105.8458768
2046,20.0,70,6.0,20.9982275,105.8458768
2047,14.0,50,4.0,21.1226572,105.9680607
2048,20.5,53,4.0,20.9964465,105.8461806
2049,12.0,50,4.0,20.9997954,105.8616291
2050,23.0,68,4.0,21.0030097,105.8682548
2051,20.0,74,4.0,21.0110874,105.8596068
2052,20.0,55,4.0,20.9950755,105.8729385
2053,13.0,50,4.0,21.0088807,105.855467
2054,12.0,50,4.0,21.0088807,105.855467
2055,20.0,68,4.0,21.0030097,105.8682548
2056,12.0,45,4.0,21.0110874,105.8596068
2057,13.0,50,4.0,20.9997954,105.8616291
2058,12.0,50,4.0,20.9997954,105.8616291
2059,29.75,78,6.0,21.0030097,105.8682548
2060,3.25,20,3.0,21.1226572,105.9680607
2061,15.3,91,3.0,21.0344952,105.797007
2062,12.6,45,8.0,20.9982275,105.8458768
2063,350.0,1080,6.0,20.9956281,105.8428307
2064,24.0,60,5.0,21.1226572,105.9680607
2065,16.0,66,12.0,16.042855,108.2312384
2066,155.0,223,15.0,16.052534,108.2343461
2067,7.9,36,2.0,21.1226572,105.9680607
2068,9.9,34,3.0,21.0088807,105.855467
2069,21.8,45,3.0,21.0143661,105.8504401
2070,8.5,30,3.0,21.0088807,105.855467
2071,7.9,30,2.0,21.1226572,105.9680607
2072,29.5,75,4.0,20.9982275,105.8458768
2073,19.0,55,4.0,20.9950755,105.8729385
2074,9.99,27,3.0,21.004403,105.8528605
2075,25.0,66,4.0,21.0030097,105.8682548
2076,16.5,36,3.0,21.0110874,105.8596068
2077,9.0,30,3.0,20.9982275,105.8458768
2078,32.0,96,34.0,20.9982275,105.8458768
2079,20.0,90,17.0,20.9788469,105.8431746
2080,20.0,80,18.0,20.9788469,105.8431746
2081,39.5,100,7.0,20.9950755,105.8729385
2082,25.5,64,4.0,21.0018226,105.8438685
2083,28.8,91,8.0,21.0018226,105.8438685
2084,52.0,145,20.0,21.0004872,105.8635716
2085,36.7,177,4.0,20.9997954,105.8616291
2086,57.9,140,13.0,20.9950755,105.8729385
2087,28.0,60,4.0,21.0004872,105.8635716
2088,29.5,60,10.0,20.6329085,105.9264439
2089,30.8,72,5.0,21.0006612,105.8538338
2090,48.5,126,2.0,21.0066239,105.8071455
2091,140.0,190,10.0,21.0029942,105.8508661
2092,67.0,89,4.0,21.0129944,105.8510299
2093,59.5,115,4.0,21.0029942,105.8508661
2094,83.9,220,6.0,21.0093417,105.8521585
2095,24.5,85,10.0,15.9886145,108.2323657
2096,78.0,127,4.0,20.9956281,105.8428307
2097,172.0,470,6.0,20.9956281,105.8428307
2098,179.0,308,20.0,21.0088807,105.855467
2099,9.79,60,5.0,20.9988237,105.85365
2100,310.0,385,4.0,21.0193526,105.8518473
2101,250.0,330,6.0,21.0130865,105.8491392
2102,320.0,350,1.0,21.0193526,105.8518473
2103,575.0,560,2.0,21.0152242,105.8482231
2104,230.0,270,55.0,21.0085016,105.8497888
2105,360.0,400,10.0,21.0188216,105.8575804
2106,575.0,650,2.0,21.0193526,105.8518473
2107,158.0,1200,6.0,20.9964465,105.8461806
2108,9.6,116,3.0,21.1226572,105.9680607
2109,13.8,116,3.0,21.0110874,105.8596068
2110,31.0,69,4.0,10.7621693,106.6571164
2111,46.9,86,4.0,21.0158778,105.8541981
2112,46.6,86,4.0,21.017044,105.8542896
2113,44.8,58,4.0,21.0105547,105.8509022
2114,12.0,40,3.0,20.9995427,105.8567048
2115,9.8,50,5.0,20.9946309,105.8562636
2116,10.5,38,3.0,21.0029942,105.8508661
2117,15.5,60,4.0,21.0110874,105.8596068
2118,10.2,50,4.0,20.9950755,105.8729385
2119,10.2,42,3.0,20.9950755,105.8729385
2120,12.8,36,4.0,20.9982275,105.8458768
2121,8.5,50,3.0,20.9999957,105.8695208
2122,12.6,65,3.0,21.0059375,105.8548684
2123,10.9,48,4.0,20.9997954,105.8616291
2124,15.8,60,7.0,21.0088807,105.855467
2125,6.5,26,3.0,21.0029942,105.8508661
2126,6.8,35,3.0,20.9950755,105.8729385
2127,30.9,48,4.0,20.9982275,105.8458768
2128,15.8,50,4.0,20.9950755,105.8729385
2129,63.0,350,20.0,21.0088807,105.855467
2130,16.8,45,3.0,21.0029942,105.8508661
2131,13.5,45,4.0,20.9997954,105.8616291
2132,10.8,45,5.0,21.1226572,105.9680607
2133,13.5,45,3.0,21.0110874,105.8596068
2134,6.86,27,3.0,21.1226572,105.9680607
2135,10.9,42,4.0,20.9997954,105.8616291
2136,10.5,35,3.0,20.9950755,105.8729385
2137,44.5,80,5.0,20.9982275,105.8458768
2138,8.79,60,3.0,21.0088807,105.855467
2139,7.5,28,3.0,21.0110874,105.8596068
2140,17.5,42,3.0,21.0110874,105.8596068
2141,30.0,56,4.0,21.0030097,105.8682548
2142,20.0,48,3.0,21.0030097,105.8682548
2143,11.8,35,3.0,20.9950755,105.8729385
2144,10.8,45,3.0,20.9950755,105.8729385
2145,19.5,55,5.0,21.0030097,105.8682548
2146,38.0,60,5.0,21.1226572,105.9680607
2147,45.0,108,8.0,20.9995427,105.8567048
2148,48.0,126,6.0,21.0066239,105.8071455
2149,37.5,118,6.0,20.9997954,105.8616291
2150,46.0,120,36.0,20.9997954,105.8616291
2151,39.5,100,6.0,21.1226572,105.9680607
2152,35.8,112,4.0,21.0059375,105.8548684
2153,21.2,80,6.0,21.0128066,105.8523477
2154,11.9,36,6.0,21.0110874,105.8596068
2155,4.45,120,4.0,21.0018079,105.8494061
2156,5.09,85,3.0,20.9997954,105.8616291
2157,13.1,106,3.0,21.1226572,105.9680607
2158,12.0,45,3.0,21.0176056,105.8570551
2159,18.0,56,2.0,21.0176056,105.8570551
2160,24.4,90,2.0,21.0110874,105.8596068
2161,21.0,100,4.0,20.6329085,105.9264439
2162,17.9,56,2.0,21.0176056,105.8570551
2163,32.5,76,4.0,21.0176056,105.8570551
2164,18.5,40,3.0,21.0176056,105.8570551
2165,47.0,80,4.0,21.0158778,105.8541981
2166,48.0,70,3.0,21.0143661,105.8504401
2167,88.0,138,8.0,21.0174935,105.8583038
2168,170.0,292,2.0,21.0018079,105.8494061
2169,125.0,183,3.0,21.0158778,105.8541981
2170,55.0,98,8.0,21.014231,105.8476369
2171,62.0,118,6.0,10.6075171,107.0564777
2172,98.0,165,6.0,21.0143661,105.8504401
2173,96.0,139,1.0,16.052534,108.2343461
2174,95.0,135,14.0,21.0224315,105.8433846
2175,66.0,109,4.0,21.0059375,105.8548684
2176,137.0,218,5.0,21.0130865,105.8491392
2177,75.0,112,9.0,21.0029942,105.8508661
2178,195.0,290,6.0,21.0198796,105.8419583
2179,145.0,229,3.0,21.0118634,105.8491811
2180,95.0,152,1.0,16.052534,108.2343461
2181,113.0,185,26.0,21.0130865,105.8491392
2182,56.0,111,16.0,21.0204804,105.8420452
2184,108.0,191,3.0,21.0179388,105.8540012
2185,168.0,252,3.0,21.0018226,105.8438685
2186,79.0,139,2.0,21.0105547,105.8509022
2187,93.0,166,2.0,21.0174935,105.8583038
2188,158.0,235,14.0,21.0194766,105.8432954
2189,130.0,185,26.0,21.0175731,105.8419546
2190,55.0,95,7.0,10.6075171,107.0564777
2191,146.0,213,10.0,21.0059375,105.8548684
2192,68.0,95,14.0,16.052534,108.2343461
2193,118.0,183,2.0,21.0029942,105.8508661
2194,84.0,136,3.0,21.0029657,105.841228
2195,150.0,206,18.0,21.0198796,105.8419583
2196,97.0,165,16.0,21.0153748,105.8540024
2197,55.0,93,10.0,21.0100868,105.8478024
2198,152.0,239,3.0,16.8315954,107.0934517
2199,65.0,126,2.0,10.7621693,106.6571164
2200,127.0,230,16.0,21.0110874,105.8596068
2201,115.0,165,20.0,21.0179388,105.8540012
2202,244.0,489,3.0,21.0107986,105.8458009
2203,75.0,140,14.0,21.0204804,105.8420452
2204,135.0,179,16.0,21.0161328,105.8536552
2205,160.0,225,14.0,21.0193526,105.8518473
2206,285.0,410,11.0,20.9982275,105.8458768
2207,290.0,500,11.0,21.0029942,105.8508661
2208,130.0,185,9.0,21.0105547,105.8509022
2209,185.0,247,11.0,21.0129944,105.8510299
2210,125.0,169,8.0,16.070973,108.1569813
2211,130.0,188,8.0,21.0179388,105.8540012
2212,160.0,233,10.0,21.1334494,105.5101521
2213,190.0,275,16.0,21.0161328,105.8536552
2214,72.5,195,9.0,21.0130865,105.8491392
2215,220.0,310,14.0,21.0158778,105.8541981
2216,130.0,196,9.0,21.0130865,105.8491392
2217,190.0,234,9.0,16.052534,108.2343461
2218,125.0,192,8.0,21.0151809,105.8483786
2219,195.0,285,10.0,21.0184284,105.8489479
2220,190.0,255,12.0,21.0175731,105.8419546
2221,190.0,254,24.0,21.0204804,105.8420452
2222,180.0,220,9.0,21.1335919,105.5020812
2223,220.0,310,10.0,21.0204804,105.8420452
2224,192.0,286,8.0,21.0143661,105.8504401
2225,197.0,280,8.0,21.014231,105.8476369
2226,250.0,360,16.0,21.0152242,105.8482231
2227,190.0,288,8.0,21.0152242,105.8482231
2228,162.0,259,16.0,21.0204804,105.8420452
2229,288.0,420,11.0,21.0224315,105.8433846
2230,183.0,268,10.0,21.0163518,105.8553217
2231,175.0,281,9.0,21.0176056,105.8570551
2232,163.0,258,11.0,10.7473211,106.6495233
2233,179.0,258,11.0,21.0143661,105.8504401
2234,193.0,279,10.0,21.0174935,105.8583038
2235,186.0,295,20.0,10.7503958,106.6621238
2236,166.0,225,9.0,21.017044,105.8542896
2237,166.0,245,8.0,21.0130865,105.8491392
2238,198.0,283,9.0,21.0152242,105.8482231
2239,180.0,310,10.0,21.0193526,105.8518473
2240,155.0,225,9.0,21.0029942,105.8508661
2241,165.0,273,9.0,21.0018079,105.8494061
2242,125.0,196,9.0,21.0018226,105.8438685
2243,195.0,363,11.0,21.0029942,105.8508661
2244,125.0,197,9.0,20.9982275,105.8458768
2245,198.0,380,10.0,21.0118634,105.8491811
2246,195.0,270,12.0,21.0129944,105.8510299
2247,175.0,235,11.0,21.0130865,105.8491392
2248,168.0,280,9.0,16.052534,108.2343461
2249,218.0,345,9.0,21.0193526,105.8518473
2250,158.0,265,9.0,21.0118634,105.8491811
2251,120.0,195,9.0,21.0085016,105.8497888
2252,125.0,189,9.0,10.7621693,106.6571164
2253,135.0,230,10.0,21.0100868,105.8478024
2254,195.0,283,16.0,21.1112676,105.9560905
2255,135.0,190,8.0,10.7621693,106.6571164
2256,145.0,197,10.0,21.0179388,105.8540012
2257,155.0,226,9.0,16.070973,108.1569813
2258,420.0,600,3.0,21.0193526,105.8518473
2259,860.0,1650,1.0,21.0143661,105.8504401
2260,750.0,900,5.0,21.0018079,105.8494061
2261,550.0,720,2.0,21.0018226,105.8438685
2262,125.0,190,28.0,21.0193526,105.8518473
2263,370.0,450,14.0,21.0029657,105.841228
2264,300.0,438,10.0,21.0118634,105.8491811
2265,545.0,681,22.0,21.0085016,105.8497888
2266,125.0,175,8.0,10.7621693,106.6571164
2267,130.0,182,9.0,21.0143661,105.8504401
2268,130.0,190,9.0,21.0107986,105.8458009
2269,190.0,260,8.0,21.0204804,105.8420452
2270,158.0,233,20.0,16.070973,108.1569813
2271,210.0,320,9.0,10.7621693,106.6571164
2272,230.0,290,9.0,16.052534,108.2343461
2273,190.0,259,8.0,21.0158778,105.8541981
2274,52.0,90,3.0,21.0152242,105.8482231
2275,3.5,75,3.0,21.0029942,105.8508661
2276,6.3,43,3.0,21.0029942,105.8508661
2277,220.0,180,11.0,21.0143661,105.8504401
2278,70.0,75,6.0,21.0110874,105.8596068
2279,225.0,260,4.0,21.0110874,105.8596068
2280,40.0,105,5.0,20.9956281,105.8428307
2281,170.0,155,4.0,21.0143661,105.8504401
2282,270.0,280,4.0,21.0151809,105.8483786
2283,78.0,90,10.0,20.9982275,105.8458768
2284,99.0,80,5.0,21.0129944,105.8510299
2285,66.0,140,9.0,21.0066239,105.8071455
2286,60.0,120,7.0,21.0029942,105.8508661
2287,80.0,100,4.0,21.0193526,105.8518473
2288,110.0,140,3.0,21.0193526,105.8518473
2289,46.0,70,4.0,21.0143661,105.8504401
2290,30.0,73,3.0,20.9995427,105.8567048
2291,155.0,175,4.0,21.017044,105.8542896
2292,75.0,60,7.0,21.0143661,105.8504401
2293,43.5,60,6.0,21.0110874,105.8596068
2294,89.0,180,4.0,20.9997954,105.8616291
2295,195.0,230,15.0,21.0143661,105.8504401
2296,190.0,300,4.0,21.0110874,105.8596068
2297,65.0,125,2.0,21.0018226,105.8438685
2298,21.5,60,3.0,20.9997954,105.8616291
2299,42.5,85,7.0,21.0130865,105.8491392
2300,36.0,100,1.0,21.0352556,105.8543119
2301,53.0,100,5.0,21.0357738,105.8483192
2302,21.0,34,2.0,21.0343345,105.8546868
2303,19.0,38,4.0,21.0305449,105.8562959
2304,11.2,45,2.0,21.0239544,105.8568965
2305,8.7,37,2.0,21.0287415,105.8463196
2306,53.0,100,4.0,21.0317467,105.8498075
2307,220.0,172,40.0,21.0295773,105.8458257
2308,54.5,110,4.0,21.03504,105.8449751
2309,128.0,85,20.0,21.035453,105.8529456
2310,6.2,16,1.0,21.0354958,105.8470494
2311,81.0,152,3.0,21.0338754,105.8527193
2312,15.0,31,2.0,21.0381095,105.8465933
2313,71.0,76,14.0,21.035453,105.8529456
2314,320.0,132,35.0,21.0305995,105.8496576
2315,72.0,60,5.0,21.032343,105.8550226
2316,290.0,340,30.0,21.0130865,105.8491392
2317,31.0,104,4.0,21.0377745,105.8515315
2318,47.0,44,4.0,21.0366143,105.8466101
2319,250.0,250,22.0,9.7831999,105.4663515
2320,32.0,30,4.0,21.0303271,105.8457366
2321,285.0,257,1.0,21.0130865,105.8491392
2322,133.0,95,9.0,21.0303271,105.8457366
2323,49.0,50,4.0,9.7831999,105.4663515
2324,42.0,62,4.0,21.0338952,105.8489409
2325,160.0,200,25.0,21.0366143,105.8466101
2326,32.0,38,5.0,21.0293108,105.8400223
2327,118.0,124,8.0,21.0370992,105.8507797
2328,90.0,108,4.0,21.0303271,105.8457366
2329,17.0,40,2.0,21.0401758,105.8481641
2330,21.0,42,2.0,21.0357065,105.8491924
2331,75.0,79,14.0,20.9840816,105.7949941
2332,50.0,172,4.0,21.0239544,105.8568965
2333,41.0,56,5.0,21.0239544,105.8568965
2334,188.0,130,15.0,21.0244842,105.8521273
2335,61.0,78,6.0,21.0381532,105.8476432
2336,140.0,183,16.0,21.0305995,105.8496576
2337,105.0,148,16.0,21.0244842,105.8521273
2338,165.0,119,20.0,21.0381095,105.8465933
2339,139.0,102,4.0,21.0381095,105.8465933
2340,123.0,120,7.0,21.0381095,105.8465933
2341,42.0,40,4.0,21.0293948,105.8436985
2342,69.0,72,18.0,21.0287186,105.8485614
2343,14.0,52,2.0,21.0248656,105.853079
2344,25.0,82,6.0,21.0337725,105.8475999
2345,148.0,141,8.0,21.0392905,105.847154
2346,47.0,55,4.0,21.0326073,105.8470301
2347,16.5,264,9.0,21.0391331,105.8481559
2348,135.0,144,10.0,21.0332114,105.8510729
2349,58.0,88,6.0,21.0370992,105.8507797
2350,45.0,180,5.0,21.1147995,105.9557152
2351,17.5,60,2.0,21.0239544,105.8568965
2352,58.0,71,4.0,21.0401758,105.8481641
2353,165.0,178,3.0,21.0248656,105.853079
2354,82.0,130,12.0,20.4446037,106.1678427
2355,490.0,600,150.0,9.7831999,105.4663515
2356,279.0,400,62.0,21.0248656,105.853079
2357,225.0,468,10.0,21.03504,105.8449751
2358,225.0,468,10.0,21.025729,105.852452
2359,199.0,215,56.0,21.0346532,105.8496653
2360,160.0,142,46.0,21.0338754,105.8527193
2361,118.0,150,45.0,21.0338754,105.8527193
2362,118.0,150,42.0,20.9840816,105.7949941
2363,110.0,150,45.0,21.0295773,105.8458257
2364,118.0,150,44.0,21.0305995,105.8496576
2365,90.0,200,4.0,21.0188157,105.8619631
2366,319.0,436,6.0,21.0273013,105.8468908
2367,350.0,404,2.0,21.0273013,105.8468908
2368,330.0,380,3.0,21.0248656,105.853079
2369,330.0,388,2.0,21.0244842,105.8521273
2370,355.0,350,70.0,21.0244842,105.8521273
2371,295.0,310,75.0,21.0326116,105.853813
2372,320.0,320,71.0,21.0250982,105.8581493
2373,310.0,320,70.0,21.0392905,105.847154
2374,400.0,520,6.0,21.019862,105.8534606
2375,330.0,385,3.0,21.0305995,105.8496576
2376,360.0,450,6.0,21.0244842,105.8521273
2377,360.0,450,6.0,21.0229837,105.8517102
2378,400.0,480,4.0,21.0244842,105.8521273
2379,190.0,220,3.0,21.0279183,105.8499422
2380,480.0,900,5.0,21.0327909,105.8463184
2381,500.0,842,5.0,21.0317467,105.8498075
2382,380.0,430,5.0,21.0313506,105.8536074
2383,460.0,501,5.0,21.0229837,105.8517102
2384,350.0,400,3.0,21.0229837,105.8517102
2385,400.0,460,5.0,21.1335919,105.5020812
2386,395.0,461,6.0,21.0273013,105.8468908
2387,390.0,465,4.0,21.0130865,105.8491392
2388,360.0,420,2.0,21.0130865,105.8491392
2389,330.0,366,3.0,21.0229837,105.8517102
2390,430.0,402,12.0,21.0229837,105.8517102
2391,410.0,380,2.0,21.0130865,105.8491392
2392,438.0,420,2.0,21.0244842,105.8521273
2393,390.0,360,2.0,21.0273013,105.8468908
2394,415.0,412,3.0,21.019862,105.8534606
2395,206.0,345,5.0,21.0329823,105.8544642
2396,320.0,320,80.0,21.0313506,105.8536074
2397,390.0,520,7.0,21.0295773,105.8458257
2398,290.0,320,80.0,21.0208355,105.857352
2399,300.0,420,6.0,21.0313506,105.8536074
2400,300.0,350,6.0,21.0290414,105.8500781
2401,295.0,360,4.0,21.0295773,105.8458257
2402,320.0,450,8.0,21.0295773,105.8458257
2403,300.0,420,2.0,21.0295773,105.8458257
2404,288.0,385,5.0,21.0317467,105.8498075
2405,320.0,415,6.0,21.0295773,105.8458257
2406,320.0,432,6.0,21.0317467,105.8498075
2407,175.0,180,42.0,21.0295773,105.8458257
2408,280.0,280,75.0,21.0326116,105.853813
2409,270.0,300,80.0,21.0295773,105.8458257
2410,255.0,250,65.0,21.0317467,105.8498075
2411,158.0,160,36.0,21.0354958,105.8470494
2412,160.0,160,35.0,21.0359375,105.8532321
2413,368.0,370,91.0,21.0305995,105.8496576
2414,355.0,360,91.0,21.0295773,105.8458257
2415,290.0,310,83.0,21.0295773,105.8458257
2416,230.0,250,70.0,21.0313506,105.8536074
2417,210.0,230,57.0,21.0295773,105.8458257
2418,209.0,210,58.0,21.0295773,105.8458257
2419,180.0,190,48.0,21.0313506,105.8536074
2420,150.0,170,35.0,21.0317467,105.8498075
2421,260.0,260,60.0,21.0317467,105.8498075
2422,290.0,280,70.0,21.0317467,105.8498075
2423,315.0,320,80.0,21.0326116,105.853813
2424,305.0,310,79.0,21.0326116,105.853813
2425,290.0,330,80.0,21.0326116,105.853813
2426,348.0,350,91.0,21.0326116,105.853813
2427,290.0,290,70.0,21.0326116,105.853813
2428,270.0,280,60.0,21.0326116,105.853813
2429,240.0,250,65.0,21.0326116,105.853813
2430,210.0,220,55.0,21.0326116,105.853813
2431,190.0,200,45.0,21.0326116,105.853813
2432,175.0,180,45.0,21.0326116,105.853813
2433,345.0,370,92.0,21.0338754,105.8527193
2434,175.0,180,43.0,21.0326116,105.853813
2435,700.0,682,9.0,21.0130865,105.8491392
2436,115.0,120,26.0,21.0326116,105.853813
2437,240.0,245,65.0,21.0295773,105.8458257
2438,230.0,235,62.0,21.0295773,105.8458257
2439,220.0,225,55.0,21.0295773,105.8458257
2440,210.0,215,56.0,21.0313506,105.8536074
2441,150.0,145,35.0,21.0295773,105.8458257
2442,190.0,195,40.0,21.0326116,105.853813
2443,160.0,185,42.0,21.0359375,105.8532321
2444,170.0,175,36.0,21.0326116,105.853813
2445,189.0,190,38.0,21.0295773,105.8458257
2446,250.0,292,5.0,21.0130865,105.8491392
2447,350.0,415,2.0,21.0130865,105.8491392
2448,330.0,333,79.0,21.0322483,105.8524244
2449,320.0,422,6.0,21.0239544,105.8568965
2450,320.0,400,5.0,21.035453,105.8529456
2451,320.0,405,6.0,21.0338754,105.8527193
2452,359.0,450,5.0,21.0244842,105.8521273
2453,380.0,430,5.0,21.0130865,105.8491392
2454,150.0,150,35.0,21.0354958,105.8470494
2455,388.0,390,110.0,21.0295773,105.8458257
2456,339.0,402,2.0,21.0244842,105.8521273
2457,400.0,360,70.0,21.019862,105.8534606
2458,270.0,270,63.0,21.0313506,105.8536074
2459,199.0,156,4.0,21.0244842,105.8521273
2464,125.0,160,35.0,21.0229837,105.8517102
2466,18.5,20,2.0,21.0381532,105.8476432
2467,400.0,400,3.0,21.0207052,105.8490885
2469,19.5,42,6.0,21.0381532,105.8476432
2470,32.0,70,6.0,10.8287006,106.6835014
2471,820.0,681,22.0,21.0130865,105.8491392
2472,29.0,85,10.0,21.03504,105.8449751
2473,35.0,40,2.0,21.0153314,105.8531311
2474,36.0,42,6.0,21.0239544,105.8568965
2475,54.5,55,6.0,21.0248656,105.853079
2476,37.5,70,2.0,21.0327319,105.8493924
2477,61.5,145,2.0,21.0198231,105.8487549
2478,90.0,113,10.0,21.035453,105.8529456
2479,94.5,120,3.0,15.9266657,107.9650855
2480,280.0,158,24.0,21.0354958,105.8470494
2481,650.0,701,11.0,21.0244842,105.8521273
2482,80.0,100,4.0,21.0203326,105.8471846
2483,990.0,510,132.0,21.0195043,105.8524946
2484,94.0,2290,50.0,16.0865094,108.2348429
2485,278.0,278,6.0,15.9266657,107.9650855
2486,70.0,100,6.0,21.0203326,105.8471846
2487,800.0,350,66.0,21.0341961,105.8520789
2488,470.0,438,15.0,9.7831999,105.4663515
2489,1.5,20,1.0,21.0370992,105.8507797
2490,17.9,40,3.0,21.03504,105.8449751
2491,36.0,95,2.0,21.0352556,105.8543119
2492,41.0,60,3.0,21.0355776,105.846754
2493,137.5,70,4.0,21.0329823,105.8544642
2494,42.0,55,6.0,20.9736131,105.7750658
2496,161.0,200,6.0,21.0392905,105.847154
2497,159.0,201,6.0,21.0392905,105.847154
2498,48.0,84,4.0,21.0355776,105.846754
2499,96.88,131,3.0,21.0248656,105.853079
2500,250.0,330,4.0,21.0273013,105.8468908
2501,260.0,420,4.0,21.1335919,105.5020812
2502,70.0,35,3.0,21.0329823,105.8544642
2503,190.0,80,4.0,21.0273013,105.8468908
2504,53.0,47,5.0,21.0374754,105.845784
2505,17.0,35,3.0,21.03504,105.8449751
2506,320.0,385,5.0,9.7831999,105.4663515
2507,390.0,500,6.0,9.7831999,105.4663515
2508,170.0,190,50.0,9.7831999,105.4663515
2509,170.0,180,45.0,21.0244842,105.8521273
2510,320.0,384,6.0,21.0229837,105.8517102
2511,330.0,390,5.0,21.0248656,105.853079
2512,369.0,450,4.0,21.0239544,105.8568965
2513,350.0,460,4.0,21.019862,105.8534606
2514,600.0,750,5.0,9.7831999,105.4663515
2515,370.0,450,6.0,21.0130865,105.8491392
2516,400.0,460,2.0,21.0244842,105.8521273
2517,320.0,380,2.0,21.019862,105.8534606
2518,298.0,488,6.0,21.0852021,105.7160622
2519,170.0,190,50.0,21.0130865,105.8491392
2520,250.0,280,65.0,21.0279183,105.8499422
2521,250.0,280,70.0,21.019862,105.8534606
2522,240.0,270,65.0,21.0229837,105.8517102
2523,350.0,350,79.0,21.0282302,105.8556732
2524,198.0,230,60.0,21.0239544,105.8568965
2525,390.0,462,6.0,21.0130865,105.8491392
2526,320.0,400,5.0,21.0244842,105.8521273
2527,330.0,354,75.0,21.0359375,105.8532321
2528,375.0,628,9.0,21.0295773,105.8458257
2529,165.0,160,42.0,21.0295773,105.8458257
2530,250.0,421,9.0,21.0295773,105.8458257
2531,220.0,517,12.0,21.0327909,105.8463184
2532,387.0,485,7.0,21.0295773,105.8458257
2533,175.0,180,38.0,21.0295773,105.8458257
2534,280.0,323,71.0,20.9840816,105.7949941
2535,290.0,300,70.0,21.0359375,105.8532321
2536,240.0,280,65.0,9.7831999,105.4663515
2537,165.0,170,45.0,21.0295773,105.8458257
2538,290.0,300,65.0,21.0322483,105.8524244
2539,390.0,380,11.0,21.019862,105.8534606
2540,520.0,500,12.0,21.0244842,105.8521273
2541,700.0,650,12.0,21.0248656,105.853079
2542,410.0,395,10.0,9.7831999,105.4663515
2543,165.0,160,40.0,21.0295773,105.8458257
2544,300.0,405,5.0,21.0359375,105.8532321
2545,313.0,370,5.0,21.0239544,105.8568965
2546,180.0,320,5.0,16.0083621,108.236915
2547,320.0,400,6.0,21.0338754,105.8527193
2548,300.0,420,6.0,21.0130865,105.8491392
2549,300.0,420,6.0,21.0852021,105.7160622
2550,300.0,420,6.0,21.0229837,105.8517102
2551,332.0,556,12.0,21.0295773,105.8458257
2552,290.0,302,71.0,21.0295773,105.8458257
2553,189.0,292,3.0,21.1020069,105.9617453
2554,345.0,345,3.0,21.0229837,105.8517102
2555,518.0,665,12.0,21.0244842,105.8521273
2556,323.0,360,4.0,21.0130865,105.8491392
2557,626.0,605,16.0,21.0130865,105.8491392
2558,315.0,350,1.0,21.0244842,105.8521273
2559,795.0,735,2.0,21.0130865,105.8491392
2560,472.0,450,2.0,21.019862,105.8534606
2561,160.0,180,40.0,21.0244842,105.8521273
2562,158.0,160,32.0,21.019862,105.8534606
2563,540.0,450,1.0,21.0229837,105.8517102
2564,179.0,182,40.0,21.0300682,105.8504467
2565,263.0,442,8.0,21.0295773,105.8458257
2566,620.0,500,1.0,21.0244842,105.8521273
2567,270.0,300,70.0,21.0130865,105.8491392
2568,420.0,410,23.0,21.0130865,105.8491392
2569,434.0,625,11.0,21.0305995,105.8496576
2570,189.0,420,10.0,21.0852021,105.7160622
2571,251.0,420,12.0,21.0295773,105.8458257
2572,220.0,216,52.0,21.0295773,105.8458257
2573,260.0,445,6.0,21.0130865,105.8491392
2574,295.0,475,6.0,21.0295773,105.8458257
2575,235.0,240,61.0,21.0295773,105.8458257
2576,280.0,300,85.0,21.0295773,105.8458257
2577,285.0,374,3.0,21.0295773,105.8458257
2578,295.0,388,4.0,21.0317467,105.8498075
2579,180.0,200,55.0,21.0317467,105.8498075
2580,165.0,185,48.0,21.0295773,105.8458257
2581,379.0,360,9.0,21.0130865,105.8491392
2582,229.0,385,2.0,21.0295773,105.8458257
2583,350.0,410,1.0,21.0229837,105.8517102
2584,390.0,450,2.0,21.0244842,105.8521273
2585,346.0,400,2.0,21.0130865,105.8491392
2586,388.0,360,2.0,21.0130865,105.8491392
2587,379.0,360,2.0,21.0229837,105.8517102
2588,300.0,320,4.0,21.0229837,105.8517102
2589,165.0,175,50.0,9.7831999,105.4663515
2590,680.0,540,130.0,21.0295773,105.8458257
2591,250.0,265,68.0,21.0313506,105.8536074
2592,280.0,300,60.0,21.0279183,105.8499422
2593,240.0,270,65.0,21.0244842,105.8521273
2594,250.0,280,68.0,21.0239544,105.8568965
2595,250.0,280,65.0,21.0295773,105.8458257
2596,170.0,190,50.0,21.0229837,105.8517102
2597,170.0,190,50.0,21.0239544,105.8568965
2598,170.0,190,50.0,21.019862,105.8534606
2599,360.0,500,5.0,21.0227678,105.8552002
2600,170.0,190,50.0,21.0227678,105.8552002
2601,240.0,260,60.0,21.0130865,105.8491392
2602,360.0,360,75.0,21.0244842,105.8521273
2603,480.0,600,6.0,21.0279183,105.8499422
2604,350.0,450,6.0,9.7831999,105.4663515
2605,197.0,277,5.0,20.9707314,105.7803302
2606,11.9,45,3.0,21.0203326,105.8471846
2607,19.5,60,4.0,9.7831999,105.4663515
2608,60.0,70,4.0,21.03504,105.8449751
2609,29.5,40,5.0,21.0305995,105.8496576
2610,29.65,39,5.0,21.0290414,105.8500781
2611,16.95,40,4.0,21.03504,105.8449751
2612,16.95,40,4.0,21.03504,105.8449751
2613,16.9,33,3.0,21.0313506,105.8536074
2614,12.5,33,3.0,21.0203326,105.8471846
2615,50.0,105,6.0,21.0195043,105.8524946
2616,14.8,40,3.0,21.03504,105.8449751
2617,28.0,90,6.0,9.7831999,105.4663515
2618,30.0,60,4.0,21.0248656,105.853079
2619,6.6,37,3.0,21.0479546,105.8429444
2620,6.6,37,3.0,21.0036508,105.8743649
2621,158.0,180,40.0,21.0370992,105.8507797
2622,68.9,52,13.0,21.0290414,105.8500781
2623,105.0,167,2.0,21.0224315,105.8433846
2624,41.0,78,6.0,21.0321002,105.8337335
2625,376.0,426,3.0,9.7831999,105.4663515
2626,250.0,350,4.0,21.0235081,105.8478279
2627,255.0,205,2.0,21.0305995,105.8496576
2628,248.0,190,32.0,21.0277371,105.8421644
2629,222.0,250,4.0,21.0200626,105.8461823
2630,178.0,200,40.0,21.0248656,105.853079
2631,83.0,200,2.0,21.0346532,105.8496653
2632,64.9,82,14.0,20.9840816,105.7949941
2633,138.0,60,7.0,21.0300682,105.8504467
2634,335.0,356,3.0,9.7831999,105.4663515
2635,148.0,119,23.0,21.0306106,105.8466472
2636,68.5,95,9.0,21.1335919,105.5020812
2637,73.0,110,4.0,21.0290414,105.8500781
2638,74.9,105,2.0,21.0290414,105.8500781
2639,298.0,350,3.0,21.0244842,105.8521273
2640,416.0,430,3.0,21.1335919,105.5020812
2641,180.0,140,10.0,21.0130865,105.8491392
2642,17.0,35,4.0,21.03504,105.8449751
2643,29.5,60,4.0,9.7831999,105.4663515
2644,3.8,15,1.0,21.0327909,105.8463184
2645,8.5,25,4.0,21.0401758,105.8481641
2646,35.0,45,4.0,21.0327909,105.8463184
2647,60.0,75,4.0,21.032343,105.8550226
2648,137.0,98,6.0,21.0329823,105.8544642
2649,97.0,120,6.0,21.0357738,105.8483192
2650,6.0,30,2.0,21.0359375,105.8532321
2651,15.3,86,6.0,21.044835,105.8508135
2652,15.0,60,2.0,21.0343345,105.8546868
2653,4.5,28,2.0,21.0321002,105.8337335
2654,48.8,58,10.0,21.0360653,105.847679
2655,300.0,215,6.0,9.7831999,105.4663515
2656,189.0,100,6.0,21.025729,105.852452
2657,142.0,120,5.0,21.0392905,105.847154
2658,130.0,65,8.0,21.0269963,105.8514677
2659,42.0,78,13.0,21.0110874,105.8596068
2660,38.0,33,5.0,21.0239544,105.8568965
2661,190.0,165,2.0,21.0279183,105.8499422
2662,183.0,222,3.0,21.0328486,105.8469269
2663,140.0,90,3.0,21.0279183,105.8499422
2664,76.0,75,9.0,21.03504,105.8449751
2665,545.0,557,1.0,21.0227678,105.8552002
2666,17.0,35,4.0,21.03504,105.8449751
2667,17.0,37,4.0,21.03504,105.8449751
2668,17.0,35,6.0,21.03504,105.8449751
2669,263.0,330,48.0,21.0354756,105.8504855
2670,138.5,110,4.0,21.0381095,105.8465933
2671,5.9,150,4.0,21.0188157,105.8619631
2672,8.5,28,3.0,21.0193526,105.8518473
2673,380.0,500,8.0,21.0244842,105.8521273
2674,280.0,465,6.0,21.0295773,105.8458257
2675,320.0,465,4.0,21.0295773,105.8458257
2676,290.0,300,70.0,21.0295773,105.8458257
2677,335.0,350,84.0,21.0326116,105.853813
2678,330.0,352,70.0,21.0359375,105.8532321
2679,280.0,320,90.0,21.0295773,105.8458257
2680,160.0,400,10.0,21.0227678,105.8552002
2681,290.0,380,5.0,21.0305995,105.8496576
2682,260.0,336,93.0,21.0317467,105.8498075
2683,167.0,165,40.0,21.0295773,105.8458257
2684,194.0,385,6.0,21.0317467,105.8498075
2685,298.0,385,3.0,21.0295773,105.8458257
2686,218.0,230,60.0,21.0295773,105.8458257
2687,300.0,352,70.0,20.9840816,105.7949941
2688,520.0,481,3.0,21.0130865,105.8491392
2689,350.0,396,4.0,21.0130865,105.8491392
2690,330.0,505,6.0,21.0305995,105.8496576
2691,310.0,504,7.0,21.0282302,105.8556732
2692,320.0,504,7.0,21.0290414,105.8500781
2693,350.0,450,4.0,21.0130865,105.8491392
2694,450.0,600,4.0,21.019862,105.8534606
2695,370.0,465,6.0,21.0244842,105.8521273
2696,340.0,392,5.0,21.0229837,105.8517102
2697,299.0,310,65.0,21.0130865,105.8491392
2698,350.0,340,70.0,21.0244842,105.8521273
2699,360.0,360,75.0,21.019862,105.8534606
2700,62.0,260,6.0,20.9697129,105.8268207
2701,17.9,72,9.0,16.0921574,108.2463273
2702,8.0,33,4.0,20.9667301,105.8763743
2703,25.5,86,4.0,20.9771949,105.8242672
2704,19.5,65,4.0,20.9697129,105.8268207
2705,28.9,85,5.0,20.9697129,105.8268207
2706,8.5,40,6.0,20.9918123,105.8631455
2707,56.0,110,15.0,20.9861842,105.8561607
2708,68.0,250,6.0,21.0474978,105.8071263
2709,12.0,45,6.0,20.9801262,105.8506545
2710,9.0,40,3.0,20.9876944,105.8426059
2711,22.8,68,21.0,20.9646301,105.8685606
2712,31.5,100,4.0,20.9801262,105.8506545
2713,7.3,31,3.0,20.9975985,105.8893794
2714,6.35,25,3.0,20.9706203,105.8321984
2715,12.0,60,1.0,20.9646301,105.8685606
2716,12.0,60,1.0,20.9646301,105.8685606
2717,26.8,55,5.0,16.0797228,108.1583513
2718,5.0,27,2.0,20.9646301,105.8685606
2719,16.0,98,4.0,20.9646301,105.8685606
2720,5.65,68,2.0,20.960076,105.8225111
2721,16.8,60,2.0,20.9697129,105.8268207
2722,5.4,62,2.0,20.9697129,105.8268207
2723,11.15,70,6.0,20.9918123,105.8631455
2724,5.8,73,2.0,20.9697129,105.8268207
2725,45.0,90,1.0,20.9861842,105.8561607
2726,11.9,36,4.0,20.9706203,105.8321984
2727,25.5,55,4.0,16.0797228,108.1583513
2728,78.88,368,5.0,16.0240457,108.2132795
2729,68.88,318,7.0,16.0279456,108.2088213
2730,22.8,85,27.0,20.9706579,105.8417882
2731,9.5,58,6.0,20.9732626,105.8340019
2732,4.4,65,2.0,20.9646301,105.8685606
2733,33.9,78,6.0,20.9641529,105.7616362
2734,60.0,120,16.0,20.9801262,105.8506545
2735,8.9,40,4.0,20.9771949,105.8242672
2736,16.5,52,6.0,20.0002275,105.7237448
2737,24.0,70,8.0,20.9646301,105.8685606
2738,7.15,32,3.0,21.7324969,104.9566437
2739,7.8,39,6.0,20.9615433,105.8678993
2740,14.2,43,4.0,16.0892123,108.2186626
2741,18.5,69,8.0,20.9876944,105.8426059
2742,8.9,36,4.0,20.9771949,105.8242672
2743,12.6,44,4.0,20.976707,105.8439255
2744,8.35,30,3.0,16.0797228,108.1583513
2745,25.0,30,6.0,20.9646301,105.8685606
2746,13.5,70,6.0,20.9860359,105.8616015
2747,9.0,50,2.0,20.9860359,105.8616015
2748,8.5,35,3.0,20.9918123,105.8631455
2749,10.5,50,7.0,20.9771949,105.8242672
2750,16.3,75,5.0,20.9771949,105.8242672
2752,8.5,35,3.0,20.9918123,105.8631455
2753,7.9,123,4.0,10.7515305,106.6627933
2754,8.4,43,3.0,20.9860359,105.8616015
2755,14.6,67,5.0,20.9788469,105.8431746
2756,15.45,58,6.0,21.0029657,105.841228
2757,15.1,60,6.0,20.9860359,105.8616015
2758,17.0,55,5.0,20.9861842,105.8561607
2759,19.3,56,4.0,20.9860359,105.8616015
2760,26.6,98,6.0,20.9838158,105.84344
2761,26.8,95,8.0,20.9801262,105.8506545
2762,92.0,400,5.0,20.9695478,105.8492717
2763,93.0,402,5.0,16.0298133,108.214063
2764,37.5,106,1.0,16.0240457,108.2132795
2765,19.0,60,2.0,21.0505535,105.9136339
2766,39.0,110,2.0,16.0240457,108.2132795
2767,98.0,406,5.0,21.033519,105.906583
2768,180.0,5000,5.0,21.033519,105.906583
2769,91.0,408,12.0,16.0240457,108.2132795
2770,92.0,400,15.0,20.9599112,105.8405546
2771,48.0,228,5.0,20.9697129,105.8268207
2772,47.5,230,3.0,20.9697129,105.8268207
2773,48.0,226,3.0,16.0672103,108.1504482
2774,106.0,640,5.0,20.9697129,105.8268207
2775,18.0,80,3.0,20.9697129,105.8268207
2776,90.0,240,2.0,16.0672103,108.1504482
2777,85.0,232,1.0,16.0279456,108.2088213
2778,63.0,130,2.0,16.0240457,108.2132795
2779,16.9,60,2.0,20.9697129,105.8268207
2780,9.6,48,4.0,16.0240457,108.2132795
2781,30.0,102,2.0,16.0240457,108.2132795
2782,95.0,403,5.0,16.0672103,108.1504482
2783,93.0,250,10.0,16.0672103,108.1504482
2784,47.5,225,3.0,20.9697129,105.8268207
2785,7.25,40,2.0,20.9992293,105.8699309
2786,13.8,55,12.0,20.9860359,105.8616015
2787,22.5,70,3.0,20.987372,105.8491198
2788,14.8,60,14.0,20.9992293,105.8699309
2789,158.0,1200,5.0,20.9801262,105.8506545
2790,15.9,75,6.0,21.0029657,105.841228
2791,2.8,60,2.0,21.0029657,105.841228
2792,26.5,106,4.0,16.0921574,108.2463273
2793,12.8,45,6.0,20.9599112,105.8405546
2794,13.5,55,4.0,20.9599112,105.8405546
2795,16.8,60,2.0,20.9697129,105.8268207
2796,9.9,42,4.0,20.9599112,105.8405546
2797,46.0,120,8.0,20.9838158,105.84344
2798,13.98,88,5.0,21.0029657,105.841228
2799,12.8,60,9.0,20.9788469,105.8431746
2801,16.868,61,14.0,20.9876944,105.8426059
2802,14.2,65,14.0,20.9771949,105.8242672
2803,9.5,65,1.0,20.9697129,105.8268207
2804,19.0,82,22.0,20.9641529,105.7616362
2805,16.0,50,6.0,10.8049698,106.6966231
2806,15.5,80,4.0,21.0029657,105.841228
2807,12.8,80,4.0,20.9599112,105.8405546
2808,21.5,55,4.0,16.0672103,108.1504482
2809,22.8,68,6.0,20.9697129,105.8268207
2810,17.6,76,2.0,20.9697129,105.8268207
2811,9.5,45,4.0,20.9697129,105.8268207
2812,31.0,80,4.0,20.9732626,105.8340019
2813,7.65,45,9.0,20.9697129,105.8268207
2814,9.8,70,4.0,20.9697129,105.8268207
2816,9.2,40,5.0,20.9771949,105.8242672
2817,10.6,70,9.0,20.9771949,105.8242672
2818,8.7,40,4.0,20.9599112,105.8405546
2819,14.0,50,3.0,21.0029657,105.841228
2820,15.45,60,4.0,21.0029657,105.841228
2821,11.9,45,4.0,20.9599112,105.8405546
2822,16.8,75,15.0,21.0029657,105.841228
2823,27.5,122,5.0,20.9788469,105.8431746
2824,57.0,210,6.0,20.9732626,105.8340019
2825,11.8,45,4.0,20.9641529,105.7616362
2826,7.5,35,5.0,20.9641529,105.7616362
2827,11.7,55,5.0,21.0029657,105.841228
2828,25.8,90,8.0,20.9801262,105.8506545
2829,25.0,80,6.0,20.9838158,105.84344
2830,8.6,45,1.0,20.9641529,105.7616362
2831,13.9,74,16.0,20.9860359,105.8616015
2832,8.6,40,4.0,20.9697129,105.8268207
2833,14.8,60,3.0,20.9697129,105.8268207
2834,11.8,50,11.0,21.0029657,105.841228
2835,11.0,55,10.0,21.0827313,105.9884226
2836,16.3,70,20.0,20.9771949,105.8242672
2837,9.5,53,7.0,10.7515305,106.6627933
2839,11.0,70,10.0,21.0029657,105.841228
2840,77.0,254,3.0,10.7908156,106.7860466
2841,9.85,32,3.0,20.9860359,105.8616015
2842,5.4,68,2.0,20.9697129,105.8268207
2843,18.1,66,2.0,20.9918123,105.8631455
2844,8.95,35,3.0,21.0827313,105.9884226
2845,5.8,42,5.0,16.0921574,108.2463273
2846,29.0,290,2.0,21.0029657,105.841228
2847,19.0,85,6.0,20.9788469,105.8431746
2848,30.0,150,1.0,20.9771949,105.8242672
2849,11.5,60,8.0,20.9646301,105.8685606
2850,26.5,100,7.0,20.9838158,105.84344
2851,9.7,34,4.0,21.0827313,105.9884226
2852,22.5,51,3.0,20.9801262,105.8506545
2853,49.5,152,5.0,16.0808394,108.1552743
2854,30.0,85,6.0,20.9883052,105.805355
2855,29.9,80,4.0,16.0298133,108.214063
2856,45.0,90,6.0,16.0808394,108.1552743
2857,50.0,150,6.0,16.0808394,108.1552743
2858,38.5,150,3.0,21.0827313,105.9884226
2859,17.8,60,2.0,20.960076,105.8225111
2860,42.0,130,8.0,20.9788469,105.8431746
2861,40.0,190,6.0,20.9697129,105.8268207
2862,30.0,75,5.0,20.9706203,105.8321984
2863,21.0,56,5.0,20.9706203,105.8321984
2864,53.0,180,5.0,20.960076,105.8225111
2865,25.0,75,6.0,20.9771949,105.8242672
2866,66.0,230,8.0,20.960076,105.8225111
2867,65.0,260,8.0,10.7908156,106.7860466
2868,60.5,260,8.0,16.0279456,108.2088213
2869,68.0,370,8.0,16.0240457,108.2132795
2870,22.8,75,21.0,21.0827313,105.9884226
2871,3.9,54,2.0,20.9883052,105.805355
2872,5.4,74,3.0,20.9883052,105.805355
2873,7.6,34,3.0,20.9697129,105.8268207
2874,9.68,32,3.0,20.9697129,105.8268207
2875,22.8,78,21.0,21.0827313,105.9884226
2876,16.9,76,4.0,21.0827313,105.9884226
2877,7.65,34,3.0,20.9836576,105.8252437
2878,4.95,62,2.0,20.9697129,105.8268207
2879,11.6,43,3.0,20.9697129,105.8268207
2880,9.5,39,4.0,20.9697129,105.8268207
2881,18.5,50,8.0,20.9697129,105.8268207
2882,8.3,62,1.0,20.9697129,105.8268207
2884,14.5,52,4.0,21.0827313,105.9884226
2885,13.5,55,6.0,21.0827313,105.9884226
2886,17.9,46,3.0,21.0029657,105.841228
2887,9.2,38,4.0,21.0827313,105.9884226
2888,3.1,35,4.0,21.0827313,105.9884226
2889,9.6,36,4.0,20.9876944,105.8426059
2890,9.6,35,4.0,20.9876944,105.8426059
2891,9.8,36,4.0,20.976707,105.8439255
2892,9.8,35,4.0,20.976707,105.8439255
2893,9.6,35,4.0,20.9788469,105.8431746
2894,9.6,36,4.0,20.9860359,105.8616015
2895,9.6,36,4.0,20.9860359,105.8616015
2896,26.0,65,8.0,20.9836576,105.8252437
2897,9.8,36,4.0,20.976707,105.8439255
2898,9.8,35,4.0,20.976707,105.8439255
2899,9.8,36,4.0,20.976707,105.8439255
2900,9.8,36,4.0,20.976707,105.8439255
2901,8.7,30,3.0,20.9801262,105.8506545
2902,56.0,100,3.0,20.9861842,105.8561607
2903,20.0,55,3.0,20.9838158,105.84344
2904,17.0,41,3.0,20.9838158,105.84344
2905,40.0,60,3.0,20.9861842,105.8561607
2906,29.0,100,4.0,20.9861842,105.8561607
2907,23.0,75,4.0,20.9801262,105.8506545
2908,24.0,65,4.0,20.9860359,105.8616015
2909,22.5,60,4.0,20.9838158,105.84344
2910,29.0,75,3.0,20.9801262,105.8506545
2911,39.5,85,4.0,20.9861842,105.8561607
2912,19.0,65,3.0,20.9838158,105.84344
2913,27.0,80,4.0,20.9706366,105.8498257
2914,28.0,80,4.0,20.9646301,105.8685606
2915,25.0,90,4.0,20.9801262,105.8506545
2916,31.0,60,3.0,20.9861842,105.8561607
2917,17.9,50,3.0,20.9801262,105.8506545
2918,24.5,65,4.0,20.9861842,105.8561607
2919,25.9,75,4.0,20.9838158,105.84344
2920,21.4,50,3.0,20.9801262,105.8506545
2921,22.0,65,3.0,20.9695478,105.8492717
2922,28.0,140,6.0,21.0029657,105.841228
2923,57.5,230,4.0,16.0279456,108.2088213
2924,62.0,250,3.0,16.0279456,108.2088213
2925,16.5,60,1.0,20.966795,105.824457
2926,11.0,60,4.0,20.966795,105.824457
2927,40.0,130,4.0,20.9883052,105.805355
2928,8.0,80,2.0,20.966795,105.824457
2929,15.5,60,5.0,20.966795,105.824457
2930,16.5,60,1.0,20.966795,105.824457
2931,60.0,230,4.0,20.9697129,105.8268207
2932,16.8,65,5.0,20.966795,105.824457
2933,16.8,60,4.0,20.966795,105.824457
2934,13.95,50,4.0,16.0279456,108.2088213
2936,17.95,60,5.0,20.966795,105.824457
2937,39.5,140,1.0,20.966795,105.824457
2938,62.0,210,4.0,20.960076,105.8225111
2939,51.95,200,4.0,16.0279456,108.2088213
2940,18.5,60,4.0,20.960076,105.8225111
2941,37.0,120,4.0,20.9883052,105.805355
2942,26.5,80,1.0,21.1248274,105.9175627
2943,27.9,60,4.0,16.0672103,108.1504482
2944,13.3,37,4.0,16.0298133,108.214063
2945,13.75,37,8.0,16.0298133,108.214063
2946,10.2,40,3.0,20.9996974,105.8149084
2947,7.5,42,3.0,20.9860359,105.8616015
2948,8.2,45,4.0,20.976707,105.8439255
2949,38.5,120,4.0,16.0672103,108.1504482
2950,55.0,200,2.0,21.0029657,105.841228
2951,60.0,100,10.0,20.9646301,105.8685606
2952,17.5,60,1.0,21.033519,105.906583
2953,21.3,48,6.0,20.9838158,105.84344
2954,28.5,75,4.0,20.9883052,105.805355
2955,32.0,54,7.0,15.9266657,107.9650855
2956,26.0,65,5.0,20.9646301,105.8685606
2957,5.5,69,2.0,16.0892123,108.2186626
2958,26.8,55,4.0,16.0797228,108.1583513
2959,23.8,70,4.0,16.0797228,108.1583513
2960,21.0,54,4.0,16.0672103,108.1504482
2961,28.5,59,5.0,20.9838158,105.84344
2962,35.9,90,6.0,20.9695478,105.8492717
2963,39.9,85,5.0,16.0808394,108.1552743
2964,5.75,73,2.0,16.0808394,108.1552743
2965,5.85,30,4.0,20.9771949,105.8242672
2966,3.0,50,2.0,20.9781088,105.8128862
2967,8.0,91,3.0,20.9781088,105.8128862
2968,9.6,40,4.0,21.0827313,105.9884226
2969,11.8,40,4.0,20.9895322,105.8342424
2970,8.9,37,3.0,20.9838158,105.84344
2971,26.5,90,5.0,20.9771949,105.8242672
2972,20.5,90,4.0,20.9697129,105.8268207
2973,30.6,85,6.0,20.9732626,105.8340019
2974,35.5,85,5.0,20.9697129,105.8268207
2975,28.6,138,5.0,20.960076,105.8225111
2976,13.5,50,3.0,20.9697129,105.8268207
2977,38.5,200,5.0,20.9697129,105.8268207
2978,14.5,82,6.0,20.9838158,105.84344
2979,39.5,100,6.0,20.9883052,105.805355
2980,17.2,60,4.0,20.9697129,105.8268207
2981,18.8,55,5.0,16.0672103,108.1504482
2982,21.5,150,5.0,21.0029657,105.841228
2983,9.5,70,2.0,20.9697129,105.8268207
2984,11.0,95,3.0,20.9697129,105.8268207
2985,11.0,108,1.0,20.9697129,105.8268207
2986,13.8,110,28.0,20.9771949,105.8242672
2987,15.5,90,4.0,20.9697129,105.8268207
2988,9.0,65,12.0,20.9883052,105.805355
2989,18.6,150,5.0,20.9883052,105.805355
2990,37.5,250,5.0,16.0279456,108.2088213
2991,38.6,220,5.0,20.9697129,105.8268207
2992,23.8,90,5.0,20.9697129,105.8268207
2993,15.5,120,4.0,16.0279456,108.2088213
2994,16.9,65,4.0,20.9838158,105.84344
2995,11.6,55,8.0,20.9883052,105.805355
2996,83.0,260,28.0,20.9838158,105.84344
2997,12.9,45,4.0,16.0279456,108.2088213
2998,11.3,58,18.0,20.9883052,105.805355
2999,12.8,98,4.0,16.0279456,108.2088213
3000,34.5,400,6.0,21.0029657,105.841228
3001,10.2,60,5.0,20.9732626,105.8340019
3002,28.0,200,5.0,20.9697129,105.8268207
3003,6.68,45,4.0,20.9697129,105.8268207
3004,16.8,60,6.0,20.9697129,105.8268207
3005,19.3,60,2.0,20.9697129,105.8268207
3006,17.5,85,5.0,20.9697129,105.8268207
3007,28.5,82,5.0,20.9697129,105.8268207
3008,6.4,38,3.0,20.9771949,105.8242672
3009,31.0,140,3.0,20.960076,105.8225111
3010,138.0,330,8.0,20.9883052,105.805355
3011,26.0,230,5.0,20.9732626,105.8340019
3012,48.6,245,5.0,20.9697129,105.8268207
3013,10.7,98,1.0,20.9599112,105.8405546
3014,40.8,220,5.0,20.9697129,105.8268207
3015,31.5,233,2.0,20.9697129,105.8268207
3016,12.5,46,5.0,20.9771949,105.8242672
3017,63.8,250,5.0,20.9697129,105.8268207
3018,21.5,100,28.0,20.9706203,105.8321984
3019,69.0,265,5.0,20.9697129,105.8268207
3020,68.0,276,5.0,20.9697129,105.8268207
3021,22.0,128,5.0,16.0240457,108.2132795
3022,23.5,75,5.0,20.9771949,105.8242672
3023,17.5,56,4.0,20.9771949,105.8242672
3024,12.5,45,5.0,20.9771949,105.8242672
3025,22.5,60,6.0,20.9838158,105.84344
3026,10.8,77,2.0,20.9599112,105.8405546
3027,7.6,36,4.0,20.9706203,105.8321984
3028,7.15,45,4.0,20.966795,105.824457
3029,11.8,50,10.0,21.0029657,105.841228
3030,6.7,42,3.0,20.9599112,105.8405546
3031,24.8,105,25.0,16.0672103,108.1504482
3032,21.9,79,6.0,16.0672103,108.1504482
3033,23.8,80,4.0,20.9697129,105.8268207
3034,9.2,45,4.0,16.0672103,108.1504482
3035,20.8,70,8.0,20.9771949,105.8242672
3037,13.9,36,4.0,20.9895322,105.8342424
3038,34.0,80,4.0,21.0414475,105.8063151
3039,12.6,48,4.0,20.9788469,105.8431746
3040,180.0,615,8.0,20.9697129,105.8268207
3041,17.0,75,10.0,20.9860359,105.8616015
3042,158.0,1200,5.0,20.0002275,105.7237448
3043,158.0,1200,6.0,20.9801262,105.8506545
3044,158.0,1240,6.0,20.9705285,105.8417959
3045,158.0,1175,5.0,16.0240457,108.2132795
3046,8.3,45,8.0,20.9771949,105.8242672
3047,8.1,35,6.0,20.9771949,105.8242672
3048,6.5,35,6.0,20.9771949,105.8242672
3049,4.5,30,1.0,21.0029657,105.841228
3050,5.18,30,3.0,20.9801262,105.8506545
3051,5.2,26,3.0,20.9849216,105.8720271
3052,7.3,33,3.0,20.9801262,105.8506545
3053,3.7,32,3.0,20.9860359,105.8616015
3054,6.2,34,3.0,20.9860359,105.8616015
3055,6.4,30,3.0,20.9801262,105.8506545
3056,6.25,30,3.0,20.9706366,105.8498257
3057,3.4,40,2.0,20.9788469,105.8431746
3058,7.9,35,4.0,20.9860359,105.8616015
3059,2.7,40,2.0,20.9801262,105.8506545
3060,7.3,43,3.0,20.9860359,105.8616015
3061,8.8,50,5.0,16.0797228,108.1583513
3062,5.3,28,1.0,20.9801262,105.8506545
3063,6.1,35,3.0,20.9876944,105.8426059
3064,3.1,20,3.0,20.9860359,105.8616015
3065,3.36,20,2.0,16.0892123,108.2186626
3066,4.0,21,3.0,20.9918123,105.8631455
3067,5.99,38,1.0,20.9706203,105.8321984
3068,4.5,25,3.0,20.9860359,105.8616015
3069,75.0,309,6.0,20.960076,105.8225111
3070,8.6,40,6.0,20.9771949,105.8242672
3071,7.7,35,6.0,20.9771949,105.8242672
3072,6.85,35,6.0,20.9771949,105.8242672
3073,4.25,69,2.0,20.9861842,105.8561607
3074,68.0,253,8.0,20.9697129,105.8268207
3075,7.3,55,3.0,20.0002275,105.7237448
3076,49.5,120,25.0,20.9861842,105.8561607
3077,29.5,80,5.0,20.9646301,105.8685606
3078,66.0,235,8.0,20.960076,105.8225111
3079,60.5,308,8.0,16.0279456,108.2088213
3080,65.0,260,8.0,10.7908156,106.7860466
3081,68.0,370,8.0,16.0240457,108.2132795
3082,53.0,180,5.0,20.960076,105.8225111
3083,30.0,75,5.0,20.9706203,105.8321984
3084,21.0,56,5.0,20.9706203,105.8321984
3085,25.6,72,7.0,20.9838158,105.84344
3086,40.0,190,6.0,20.9697129,105.8268207
3087,42.0,130,8.0,20.9788469,105.8431746
3088,50.0,150,6.0,16.0808394,108.1552743
3089,45.0,90,6.0,16.0808394,108.1552743
3090,45.0,115,6.0,20.9838158,105.84344
3091,38.5,150,3.0,21.0827313,105.9884226
3092,25.0,75,6.0,20.9771949,105.8242672
3093,49.5,152,5.0,16.0808394,108.1552743
3094,29.9,80,4.0,16.0298133,108.214063
3095,30.0,85,6.0,20.9883052,105.805355
3096,37.0,250,6.0,20.9697129,105.8268207
3097,75.0,275,1.0,20.9801262,105.8506545
3098,35.0,100,30.0,10.8049698,106.6966231
3100,42.0,202,5.0,21.0387686,105.8987418
3101,44.0,150,4.0,21.0619623,105.8947146
3102,40.0,175,5.0,21.0387686,105.8987418
3103,15.0,97,4.0,18.2573858,105.9899045
3104,20.6,91,3.0,15.9266657,107.9650855
3105,3.75,47,2.0,21.0355264,105.9331585
3106,8.45,50,2.0,21.0215092,105.8979594
3107,37.0,100,4.0,20.0743628,105.606775
3108,12.6,52,4.0,21.0262804,105.8934077
3109,13.0,90,3.0,21.0491793,105.8760661
3110,25.5,100,4.0,21.0387686,105.8987418
3111,26.0,61,4.0,15.9266657,107.9650855
3112,8.0,50,4.0,21.0387686,105.8987418
3113,8.0,51,4.0,21.0387686,105.8987418
3114,7.0,50,6.0,21.0355264,105.9331585
3115,7.0,35,4.0,20.8347704,106.6611671
3116,8.9,35,3.0,21.0491793,105.8760661
3117,6.0,36,3.0,21.0295516,105.8844532
3118,7.6,36,3.0,14.3396914,107.9986634
3119,10.0,50,2.0,21.0361243,105.8741565
3120,8.6,50,4.0,20.9407485,105.9582726
3121,10.5,70,5.0,21.0295516,105.8844532
3122,12.0,40,4.0,20.0743628,105.606775
3123,12.0,54,2.0,16.0946333,108.2343124
3124,56.0,110,5.0,21.0325462,105.879511
3125,7.65,60,2.0,21.0215092,105.8979594
3126,60.0,120,5.0,21.0448467,105.8683918
3127,49.6,180,5.0,20.9667812,107.0218814
3128,115.0,315,5.0,10.8443022,106.8388171
3129,88.0,324,5.0,20.9667812,107.0218814
3130,350.0,800,5.0,20.8715189,105.9104278
3131,9.9,38,4.0,21.0468375,105.8650975
3132,11.8,70,3.0,21.0586275,105.8979979
3133,11.7,69,4.0,21.0468375,105.8650975
3134,18.0,150,4.0,21.0259847,105.9096246
3135,130.0,250,6.0,21.0448467,105.8683918
3136,19.4,40,4.0,16.0042032,108.2424888
3137,70.0,250,7.0,21.0468375,105.8650975
3138,28.5,95,5.0,18.2573858,105.9899045
3139,28.0,65,5.0,21.0325462,105.879511
3140,13.6,60,5.0,21.0483225,105.8746566
3141,16.0,75,6.0,21.0491793,105.8760661
3142,11.8,52,6.0,18.2573858,105.9899045
3143,12.3,40,4.0,21.0468375,105.8650975
3144,13.0,80,3.0,21.0333733,105.9065914
3145,32.5,115,4.0,21.0406437,105.908804
3146,13.85,50,3.0,21.0468375,105.8650975
3147,12.75,70,4.0,21.1405099,105.8750774
3148,20.75,95,4.0,21.1405099,105.8750774
3149,268.0,1060,50.0,21.0483225,105.8746566
3150,10.8,70,4.0,21.0259847,105.9096246
3151,7.6,33,3.0,21.0361243,105.8741565
3152,79.9,214,5.0,16.0946333,108.2343124
3153,31.8,86,3.0,16.0042032,108.2424888
3154,16.35,52,5.0,21.0325462,105.879511
3155,13.9,70,4.0,21.0262804,105.8934077
3156,13.95,50,4.0,21.0468375,105.8650975
3157,318.0,474,100.0,21.0325462,105.879511
3158,8.9,82,4.0,21.0355264,105.9331585
3159,10.8,70,4.0,21.0259847,105.9096246
3160,11.9,52,3.0,21.1405099,105.8750774
3161,8.6,57,3.0,21.0355264,105.9331585
3162,13.2,38,4.0,21.0483225,105.8746566
3163,19.5,40,4.0,18.2573858,105.9899045
3164,19.5,45,4.0,18.2573858,105.9899045
3165,13.2,48,4.0,21.0483225,105.8746566
3166,9.1,31,4.0,21.0483225,105.8746566
3167,28.5,80,3.0,21.0483225,105.8746566
3168,17.5,40,4.0,21.0448467,105.8683918
3169,8.5,32,4.0,21.0491793,105.8760661
3170,9.5,45,3.0,21.0468375,105.8650975
3171,20.8,42,4.0,21.0468375,105.8650975
3173,8.9,41,3.0,20.0743628,105.606775
3174,12.5,53,4.0,20.8347704,106.6611671
3175,9.3,56,4.0,20.9407485,105.9582726
3176,7.95,39,3.0,21.0619623,105.8947146
3177,22.5,127,4.0,21.0468375,105.8650975
3178,9.8,65,2.0,20.0743628,105.606775
3179,17.5,105,3.0,20.9407485,105.9582726
3180,20.6,173,5.0,20.8347704,106.6611671
3181,20.3,120,7.0,21.0387686,105.8987418
3182,145.0,160,12.0,21.0325462,105.879511
3183,22.0,94,4.0,21.0295516,105.8844532
3184,6.8,30,3.0,18.2573858,105.9899045
3193,36.8,110,7.0,16.0042032,108.2424888
3194,13.6,45,4.0,21.0295516,105.8844532
3195,15.6,73,4.0,21.0215092,105.8979594
3196,21.6,95,4.0,21.0215092,105.8979594
3197,33.0,133,6.0,21.0215092,105.8979594
3198,9.1,65,5.0,20.9407485,105.9582726
3199,21.5,75,2.0,21.0295516,105.8844532
3200,4.0,70,3.0,20.6526888,105.936714
3201,145.0,160,10.0,18.2573858,105.9899045
3202,30.0,75,5.0,16.1075779,108.1285193
3203,31.6,72,4.0,18.2573858,105.9899045
3204,143.0,160,10.0,21.0325462,105.879511
3205,6.0,35,4.0,21.0215092,105.8979594
3206,5.85,30,3.0,21.0355264,105.9331585
3207,5.95,35,4.0,21.0215092,105.8979594
3208,5.55,31,3.0,21.0355264,105.9331585
3209,6.7,32,3.0,21.0295516,105.8844532
3210,8.85,95,3.0,20.6356812,106.548148
3211,47.0,475,5.0,20.6356812,106.548148
3212,23.7,48,4.0,20.6356812,106.548148
3213,25.7,58,4.0,20.6356812,106.548148
3214,7.8,33,4.0,20.6356812,106.548148
3215,15.95,75,5.0,20.6356812,106.548148
3216,19.5,53,3.0,20.6356812,106.548148
3217,9.2,85,3.0,21.0483225,105.8746566
3218,14.5,45,4.0,20.6356812,106.548148
3219,8.8,60,2.0,20.6356812,106.548148
3220,8.7,45,4.0,21.0468375,105.8650975
3221,20.8,100,3.0,18.2573858,105.9899045
3222,13.5,40,3.0,18.2573858,105.9899045
3223,17.9,45,4.0,18.2573858,105.9899045
3224,13.2,65,2.0,16.0946333,108.2343124
3225,14.4,85,3.0,21.1405099,105.8750774
3226,4.3,43,2.0,21.0215092,105.8979594
3227,25.8,80,6.0,18.2573858,105.9899045
3228,45.0,76,5.0,15.9266657,107.9650855
3229,26.0,95,6.0,21.0361243,105.8741565
3230,19.5,75,1.0,10.9110684,106.8468701
3231,86.4,270,6.0,20.9667812,107.0218814
3232,32.8,120,5.0,21.0468375,105.8650975
3233,6.95,35,4.0,21.0621777,105.9163585
3234,21.63,75,2.0,21.0355264,105.9331585
3235,2.8,620,1.0,21.0750539,105.8920566
3236,25.0,100,3.0,16.1075779,108.1285193
3237,50.5,155,1.0,21.0621777,105.9163585
3238,20.0,72,4.0,21.0343531,105.8746975
3239,14.2,52,3.0,21.0355264,105.9331585
3240,29.0,80,3.0,21.0491793,105.8760661
3241,14.0,55,5.0,21.0491793,105.8760661
3242,10.2,38,3.0,21.0259847,105.9096246
3243,10.0,40,3.0,16.015474,108.2225744
3245,20.9,60,5.0,11.0310973,106.6932946
3246,138.0,199,6.0,18.2573858,105.9899045
3247,11.8,45,3.0,16.0042032,108.2424888
3248,43.5,110,5.0,20.6526888,105.936714
3249,17.0,65,2.0,21.0295516,105.8844532
3250,22.5,92,4.0,21.0259847,105.9096246
3251,45.0,120,4.0,21.0295516,105.8844532
3252,12.0,58,4.0,10.8443022,106.8388171
3253,145.0,160,12.0,18.2573858,105.9899045
3254,9.3,39,4.0,20.6356812,106.548148
3255,16.0,75,6.0,20.6356812,106.548148
3256,8.55,52,4.0,20.6356812,106.548148
3257,11.5,120,4.0,16.015474,108.2225744
3258,9.0,46,5.0,21.0333733,105.9065914
3259,11.5,50,3.0,21.0333733,105.9065914
3260,13.8,50,4.0,21.0333733,105.9065914
3261,9.0,65,6.0,20.9407485,105.9582726
3262,9.0,46,4.0,21.0355264,105.9331585
3263,7.567,35,3.0,21.0215092,105.8979594
3264,13.0,40,4.0,16.1075779,108.1285193
3265,14.5,42,4.0,20.6526888,105.936714
3266,8.6,42,3.0,21.053483,105.8776061
3267,5.5,70,2.0,21.053483,105.8776061
3268,12.4,38,4.0,21.0295516,105.8844532
3269,4.86,59,2.0,21.053483,105.8776061
3270,7.89,33,3.0,21.0215092,105.8979594
3271,7.6,95,3.0,21.053483,105.8776061
3272,14.9,48,3.0,21.0468375,105.8650975
3274,10.5,39,3.0,21.0002272,105.8330423
3275,5.45,20,3.0,21.0491793,105.8760661
3276,27.0,70,4.0,21.0491793,105.8760661
3277,10.0,45,2.0,21.0491793,105.8760661
3278,24.0,125,3.0,21.0491793,105.8760661
3279,14.0,54,1.0,21.1405099,105.8750774
3280,13.0,50,1.0,21.1405099,105.8750774
3281,137.0,200,10.0,21.0325462,105.879511
3282,14.6,54,5.0,21.0215092,105.8979594
3283,8.0,50,2.0,20.6356812,106.548148
3284,25.5,90,4.0,21.0483225,105.8746566
3285,21.8,78,4.0,21.0483225,105.8746566
3286,5.9,30,3.0,21.0355264,105.9331585
3287,7.85,54,6.0,21.0355264,105.9331585
3288,13.5,60,5.0,21.0468375,105.8650975
3289,22.0,80,6.0,21.0355264,105.9331585
3290,16.0,54,4.0,21.0468375,105.8650975
3291,10.0,52,4.0,21.0002272,105.8330423
3292,12.6,48,3.0,21.0279764,105.9064788
3293,16.0,72,4.0,21.0215092,105.8979594
3294,11.123,38,3.0,21.0215092,105.8979594
3296,15.0,40,3.0,21.0219586,105.9137917
3297,15.8,40,3.0,21.0259847,105.9096246
3298,29.75,70,4.0,21.0448467,105.8683918
3299,31.3,66,4.0,21.0396385,105.8726086
3300,16.8,45,4.0,21.0448467,105.8683918
3301,20.5,60,2.0,21.0215092,105.8979594
3302,32.0,101,2.0,11.0310973,106.6932946
3303,12.0,79,4.0,16.1075779,108.1285193
3305,9.4,60,4.0,20.9407485,105.9582726
3306,18.0,88,3.0,21.0355264,105.9331585
3307,13.8,49,4.0,21.0468375,105.8650975
3308,24.5,46,3.0,21.0468375,105.8650975
3309,12.9,60,6.0,18.2573858,105.9899045
3310,11.5,80,4.0,21.0355264,105.9331585
3311,4.2,70,2.0,20.6526888,105.936714
3312,145.0,301,5.0,21.0325462,105.879511
3313,6.0,50,3.0,21.0464045,105.7978658
3314,6.0,62,2.0,21.0333733,105.9065914
3315,9.3,43,4.0,21.0295516,105.8844532
3316,14.0,50,4.0,21.0619623,105.8947146
3317,8.35,37,3.0,16.015474,108.2225744
3318,6.99,30,3.0,20.0743628,105.606775
3319,7.6,57,3.0,21.0355264,105.9331585
3320,8.6,35,2.0,21.0361243,105.8741565
3321,8.5,42,3.0,21.0355264,105.9331585
3322,9.35,55,3.0,21.0355264,105.9331585
3323,7.85,32,3.0,20.8347704,106.6611671
3324,10.5,71,3.0,21.0355264,105.9331585
3325,9.5,50,6.0,21.0333733,105.9065914
3326,8.9,42,5.0,21.0355264,105.9331585
3327,6.6,30,3.0,21.0355264,105.9331585
3328,8.4,56,4.0,21.0387686,105.8987418
3329,6.85,31,3.0,20.9346763,105.7231936
3330,7.35,31,3.0,21.0355264,105.9331585
3331,6.75,31,3.0,21.1405099,105.8750774
3332,9.8,50,4.0,16.015474,108.2225744
3333,10.1,31,3.0,20.9346763,105.7231936
3334,9.1,45,4.0,21.0355264,105.9331585
3335,8.36,35,3.0,21.0355264,105.9331585
3336,6.75,35,3.0,21.1405099,105.8750774
3337,7.85,30,3.0,20.6526888,105.936714
3338,8.6,40,4.0,21.0355264,105.9331585
3339,6.9,45,3.0,21.1405099,105.8750774
3340,9.75,45,3.0,21.0355264,105.9331585
3341,7.85,32,3.0,21.0259847,105.9096246
3342,12.8,70,4.0,21.1405099,105.8750774
3343,7.55,31,3.0,21.0355264,105.9331585
3344,11.8,50,3.0,21.0333733,105.9065914
3345,7.45,35,3.0,21.0355264,105.9331585
3346,11.9,46,3.0,21.0259847,105.9096246
3347,10.9,44,3.0,21.0259847,105.9096246
3348,10.5,43,4.0,16.015474,108.2225744
3349,5.995,30,3.0,21.0355264,105.9331585
3350,11.5,45,3.0,21.0259847,105.9096246
3351,12.68,41,3.0,21.0259847,105.9096246
3352,12.8,52,5.0,21.0215092,105.8979594
3353,11.5,39,4.0,21.0262804,105.8934077
3354,8.45,35,3.0,21.0361243,105.8741565
3355,9.9,35,3.0,10.9110684,106.8468701
3356,11.5,60,4.0,21.0215092,105.8979594
3357,12.9,50,4.0,21.0262804,105.8934077
3358,9.8,40,3.0,21.0333733,105.9065914
3359,9.28,40,3.0,21.0387686,105.8987418
3360,9.68,47,4.0,21.0355264,105.9331585
3361,9.6,60,6.0,16.0946333,108.2343124
3362,7.2,43,3.0,21.0355264,105.9331585
3363,7.0,32,4.0,21.0355264,105.9331585
3364,8.0,32,3.0,21.0259847,105.9096246
3365,8.35,35,3.0,21.0387686,105.8987418
3366,8.5,34,3.0,21.0355264,105.9331585
3367,9.99,50,4.0,21.0355264,105.9331585
3368,8.99,34,3.0,21.0355264,105.9331585
3369,14.8,60,5.0,21.0355264,105.9331585
3370,6.85,31,3.0,21.0387686,105.8987418
3371,9.35,36,3.0,21.0259847,105.9096246
3372,11.5,50,4.0,21.0355264,105.9331585
3373,7.86,35,3.0,21.0259847,105.9096246
3374,8.25,30,3.0,20.9346763,105.7231936
3375,6.85,33,3.0,21.0355264,105.9331585
3376,6.95,35,3.0,21.0355264,105.9331585
3377,8.6,36,3.0,20.9346763,105.7231936
3378,11.0,40,4.0,21.0387686,105.8987418
3379,12.0,60,5.0,21.0619623,105.8947146
3380,9.9,48,3.0,21.0259847,105.9096246
3381,13.8,45,3.0,21.0619623,105.8947146
3382,9.8,55,3.0,16.0946333,108.2343124
3383,11.2,60,3.0,21.0259847,105.9096246
3384,9.95,40,3.0,21.0619623,105.8947146
3385,7.45,33,2.0,21.0219586,105.9137917
3386,7.3,30,3.0,21.0219586,105.9137917
3387,7.65,40,3.0,21.0219586,105.9137917
3388,6.75,30,3.0,21.0219586,105.9137917
3389,7.3,30,3.0,21.0215092,105.8979594
3390,11.6,50,3.0,21.0219586,105.9137917
3391,9.3,40,2.0,20.9407485,105.9582726
3392,8.8,50,2.0,21.0355264,105.9331585
3393,9.1,54,2.0,20.9346763,105.7231936
3394,8.0,50,2.0,21.0619623,105.8947146
3395,8.6,40,2.0,20.0743628,105.606775
3396,7.8,50,2.0,21.0355264,105.9331585
3397,8.2,60,2.0,21.0355264,105.9331585
3398,30.0,66,5.0,21.0396385,105.8726086
3399,31.5,100,1.0,21.0448467,105.8683918
3400,25.0,90,6.0,21.0619623,105.8947146
3401,29.0,92,7.0,21.0619623,105.8947146
3402,27.0,122,10.0,21.0619623,105.8947146
3403,31.0,80,5.0,21.0635317,105.8966964
3404,56.5,130,9.0,18.2573858,105.9899045
3405,23.0,55,7.0,16.1075779,108.1285193
3406,24.5,60,7.0,21.0590249,105.8840121
3407,30.0,60,8.0,18.2573858,105.9899045
3408,45.0,120,8.0,21.0491793,105.8760661
3409,30.0,115,5.0,18.2573858,105.9899045
3410,50.0,135,5.0,16.0042032,108.2424888
3411,7.5,55,4.0,21.0002272,105.8330423
3412,20.0,82,6.0,21.0295516,105.8844532
3413,31.0,94,7.0,21.0325462,105.879511
3414,17.8,55,4.0,21.0361243,105.8741565
3415,13.45,65,4.0,18.2573858,105.9899045
3416,27.5,55,5.0,21.0295516,105.8844532
3417,26.8,90,5.0,21.0448467,105.8683918
3418,16.5,50,5.0,21.0361243,105.8741565
3419,17.5,75,5.0,21.0259847,105.9096246
3420,19.5,75,5.0,21.0295516,105.8844532
3421,19.8,98,6.0,21.0619623,105.8947146
3422,19.8,95,5.0,21.1405099,105.8750774
3423,21.5,66,4.0,20.6526888,105.936714
3424,29.6,57,5.0,16.1075779,108.1285193
3425,21.2,65,5.0,20.6526888,105.936714
3426,16.4,72,5.0,21.0619623,105.8947146
3427,14.9,52,4.0,18.2573858,105.9899045
3428,5.4,38,3.0,21.1405099,105.8750774
3429,14.6,40,4.0,21.0361243,105.8741565
3430,11.5,50,4.0,18.2573858,105.9899045
3431,11.6,48,5.0,21.0468375,105.8650975
3432,9.9,42,4.0,21.0361243,105.8741565
3433,19.5,93,5.0,21.0483225,105.8746566
3434,10.5,65,1.0,21.0259847,105.9096246
3435,12.5,71,4.0,21.0483225,105.8746566
3436,13.2,40,4.0,18.2573858,105.9899045
3437,12.5,56,5.0,21.1405099,105.8750774
3438,17.8,40,4.0,21.0325462,105.879511
3439,11.0,48,4.0,18.2573858,105.9899045
3440,7.4,39,4.0,21.0355264,105.9331585
3441,18.0,59,4.0,21.0262804,105.8934077
3442,7.2,40,3.0,21.0259847,105.9096246
3443,15.9,45,4.0,11.0310973,106.6932946
3444,18.6,52,4.0,18.2573858,105.9899045
3445,7.6,38,4.0,21.0619759,105.9103789
3446,11.2,43,3.0,20.6526888,105.936714
3447,16.4,46,5.0,21.0262804,105.8934077
3448,12.7,55,5.0,21.0387686,105.8987418
3449,20.9,95,5.0,21.1405099,105.8750774
3450,14.6,55,4.0,21.0491793,105.8760661
3451,8.3,60,4.0,21.0387686,105.8987418
3452,20.5,90,5.0,16.0584625,108.2401557
3453,54.9,110,9.0,18.2573858,105.9899045
3454,31.5,158,4.0,16.0259876,108.2438472
3455,18.6,79,4.0,20.9407485,105.9582726
3458,35.5,205,5.0,21.0619759,105.9103789
3459,15.2,75,2.0,16.0584625,108.2401557
3460,8.5,42,8.0,21.0225099,105.7745777
3461,50.0,98,6.0,16.0799208,108.2327008
3463,6.8,38,3.0,21.0369771,105.7414131
3464,6.0,31,3.0,10.9366088,106.5394345
3465,134.0,210,10.0,21.0225099,105.7745777
3466,7.65,50,2.0,20.9468801,105.8441938
3467,9.35,35,3.0,20.9895349,105.793115
3468,11.25,45,4.0,19.7292041,105.7820827
3469,6.5,70,3.0,21.019783,105.7775495
3470,38.99,105,5.0,16.0151323,108.257525
3471,31.8,131,5.0,20.9895349,105.793115
3472,32.0,114,5.0,20.9895349,105.793115
3473,13.6,50,9.0,21.0066367,105.7823202
3474,25.7,81,3.0,21.0066367,105.7823202
3475,6.15,69,2.0,21.019783,105.7775495
3476,6.9,87,2.0,21.0411202,105.7618893
3477,6.0,30,4.0,21.0520091,105.7362606
3478,14.6,82,3.0,21.019783,105.7775495
3479,60.0,140,6.0,10.7336862,106.7117284
3480,46.6,126,3.0,10.7336862,106.7117284
3481,62.4,176,10.0,10.7336862,106.7117284
3482,6.9,38,3.0,21.0030193,105.7501271
3483,15.6,55,3.0,21.019783,105.7775495
3484,4.89,58,2.0,21.0513954,105.7358271
3485,5.78,70,3.0,21.0513954,105.7358271
3486,5.25,60,2.0,21.0513954,105.7358271
3487,15.5,60,4.0,21.0225099,105.7745777
3488,9.5,35,3.0,21.0225099,105.7745777
3489,65.0,210,4.0,20.9954635,105.7566757
3490,104.0,160,40.0,10.7707092,106.7053524
3491,9.6,40,3.0,21.0290408,105.7727763
3492,14.9,50,6.0,21.0372649,105.7760404
3493,22.0,100,23.0,21.0513954,105.7358271
3494,8.1,48,7.0,21.0030193,105.7501271
3495,14.5,50,15.0,21.0520091,105.7362606
3496,32.0,92,19.0,21.019783,105.7775495
3497,14.0,43,4.0,21.0225099,105.7745777
3498,12.7,104,3.0,10.7707092,106.7053524
3499,8.5,35,4.0,21.0225099,105.7745777
3500,23.7,70,24.0,21.0135089,105.7701658
3501,15.9,55,16.0,21.0166746,105.7700653
3502,22.5,78,27.0,21.0135089,105.7701658
3503,17.5,69,15.0,21.0064671,105.7870381
3504,14.8,55,9.0,21.0225099,105.7745777
3505,16.2,60,12.0,21.0225099,105.7745777
3506,9.7,52,8.0,21.0166746,105.7700653
3507,17.5,64,13.0,21.0166746,105.7700653
3508,49.0,145,6.0,19.7292041,105.7820827
3509,30.5,105,6.0,10.9366088,106.5394345
3510,7.0,33,3.0,21.0126502,105.7753613
3511,22.0,54,8.0,21.0066367,105.7823202
3512,6.0,36,3.0,21.0363343,105.7547759
3513,15.0,60,5.0,16.4248801,107.6469586
3514,12.0,52,9.0,21.0225099,105.7745777
3515,7.3,118,3.0,15.9266657,107.9650855
3516,9.9,97,3.0,21.0230245,105.7789784
3517,9.4,40,4.0,21.0225099,105.7745777
3518,74.0,142,6.0,16.0927832,108.1052901
3519,56.0,180,5.0,21.0126502,105.7753613
3520,50.0,96,6.0,10.7707092,106.7053524
3521,7.95,38,6.0,21.0135089,105.7701658
3523,11.0,117,3.0,10.9366088,106.5394345
3524,19.0,84,6.0,21.0135089,105.7701658
3525,6.5,75,2.0,19.7292041,105.7820827
3526,21.3,90,4.0,10.9366088,106.5394345
3527,6.0,40,5.0,10.9366088,106.5394345
3528,33.5,142,3.0,20.9895349,105.793115
3529,21.9,75,4.0,20.9895349,105.793115
3530,5.5,65,2.0,21.0030193,105.7501271
3531,58.0,150,38.0,12.6674769,108.0302819
3532,15.0,46,8.0,21.0225099,105.7745777
3533,13.0,58,5.0,16.4248801,107.6469586
3534,7.3,37,1.0,21.0225099,105.7745777
3535,21.0,80,27.0,21.0135089,105.7701658
3536,17.3,52,16.0,12.6674769,108.0302819
3537,15.9,55,16.0,21.0064671,105.7870381
3538,37.0,80,7.0,13.8108795,109.147241
3539,14.9,50,13.0,21.0225099,105.7745777
3540,22.0,60,10.0,21.0225099,105.7745777
3541,31.0,70,2.0,21.0225099,105.7745777
3542,3.9,71,8.0,21.0225099,105.7745777
3543,31.5,70,5.0,21.0225099,105.7745777
3544,15.0,42,4.0,21.0374844,105.7656671
3545,13.5,42,4.0,10.7336862,106.7117284
3546,8.8,38,3.0,16.016326,108.2566913
3547,63.5,206,7.0,22.3918102,103.8470474
3548,10.0,117,3.0,16.0151323,108.257525
3549,8.3,110,3.0,10.7495217,106.6518264
3550,9.3,88,2.0,21.0135089,105.7701658
3551,7.85,114,3.0,21.0411202,105.7618893
3552,6.4,104,3.0,15.9867693,108.268944
3553,6.8,77,2.0,19.9915026,105.8452153
3554,6.7,67,2.0,16.0151323,108.257525
3555,12.5,106,3.0,21.0268165,105.7678484
3556,9.8,106,3.0,16.0151323,108.257525
3557,8.6,91,3.0,15.9867693,108.268944
3558,8.2,106,3.0,21.0268165,105.7678484
3559,15.8,198,4.0,10.7495217,106.6518264
3560,3.5,55,2.0,10.7495217,106.6518264
3561,9.1,102,3.0,21.0230245,105.7789784
3562,6.2,130,3.0,16.0151323,108.257525
3563,6.0,85,2.0,16.0799208,108.2327008
3564,8.2,74,3.0,21.0065625,105.7664042
3565,6.99,35,3.0,21.0135089,105.7701658
3566,10.6,40,2.0,21.0290408,105.7727763
3567,9.5,60,11.0,10.8492846,106.8001214
3568,12.5,60,13.0,21.0513954,105.7358271
3570,15.3,55,12.0,21.019783,105.7775495
3571,8.8,40,11.0,21.0513954,105.7358271
3572,14.5,60,20.0,21.0363343,105.7547759
3573,12.0,55,15.0,20.9599112,105.8405546
3574,15.0,65,23.0,20.9599112,105.8405546
3575,10.5,50,11.0,21.0225099,105.7745777
3576,10.2,55,12.0,20.9599112,105.8405546
3577,7.3,45,10.0,10.8492846,106.8001214
3578,8.1,60,10.0,10.8492846,106.8001214
3579,12.5,55,15.0,20.9599112,105.8405546
3580,12.5,55,15.0,10.8492846,106.8001214
3581,7.3,45,10.0,10.8492846,106.8001214
3582,17.7,110,25.0,10.8492846,106.8001214
3584,14.35,52,14.0,10.8492846,106.8001214
3585,25.5,100,28.0,21.0363343,105.7547759
3586,14.0,61,18.0,21.0369771,105.7414131
3587,12.3,65,15.0,10.8492846,106.8001214
3588,11.8,60,16.0,21.0513954,105.7358271
3589,23.0,100,24.0,10.8492846,106.8001214
3591,12.5,55,13.0,21.0363343,105.7547759
3592,20.5,110,27.0,10.8492846,106.8001214
3593,10.0,42,10.0,20.9599112,105.8405546
3595,5.75,35,3.0,10.8492846,106.8001214
3596,4.95,40,3.0,10.8492846,106.8001214
3597,8.7,38,4.0,10.8492846,106.8001214
3599,4.8,33,3.0,10.8492846,106.8001214
3600,8.5,45,7.0,21.0513954,105.7358271
3602,5.8,33,3.0,21.0363343,105.7547759
3603,8.3,50,3.0,21.0513954,105.7358271
3604,7.35,38,3.0,20.9599112,105.8405546
3605,6.95,38,3.0,21.0363343,105.7547759
3606,6.7,40,3.0,21.0513954,105.7358271
3607,8.55,43,7.0,21.0513954,105.7358271
3608,6.65,42,6.0,21.0855756,105.6282562
3610,14.2,45,5.0,20.9599112,105.8405546
3612,54.5,170,30.0,21.0363343,105.7547759
3613,14.8,75,5.0,10.9366088,106.5394345
3614,6.3,33,3.0,10.8492846,106.8001214
3616,7.85,55,7.0,10.8492846,106.8001214
3617,7.5,38,3.0,21.0513954,105.7358271
3618,8.5,70,3.0,21.0520091,105.7362606
3619,6.3,35,4.0,10.8492846,106.8001214
3620,5.4,40,5.0,10.8492846,106.8001214
3621,6.35,35,3.0,20.9599112,105.8405546
3623,6.15,30,3.0,10.9366088,106.5394345
3624,7.95,57,2.0,21.0030193,105.7501271
3625,9.96,37,3.0,21.0030193,105.7501271
3626,12.6,45,4.0,21.0289957,105.7566889
3627,38.5,135,4.0,16.4248801,107.6469586
3628,43.5,75,6.0,19.9915026,105.8452153
3629,34.0,143,6.0,20.9894811,105.78935
3630,36.95,117,20.0,21.0374844,105.7656671
3631,23.45,77,10.0,21.0268165,105.7678484
3632,17.45,42,6.0,21.0372649,105.7760404
3633,15.45,58,4.0,16.4248801,107.6469586
3634,18.79,51,1.0,21.0064671,105.7870381
3635,12.98,39,4.0,10.7336862,106.7117284
3636,17.2,43,5.0,21.0372649,105.7760404
3637,44.5,150,8.0,20.9954635,105.7566757
3638,35.0,66,5.0,21.0268165,105.7678484
3639,43.9,136,6.0,16.0151323,108.257525
3640,41.38,135,6.0,16.4248801,107.6469586
3641,36.45,78,6.0,16.0927832,108.1052901
3642,52.38,96,6.0,10.7707092,106.7053524
3643,33.0,70,6.0,21.1091615,105.9928656
3644,54.96,102,3.0,21.0066367,105.7823202
3645,19.86,50,4.0,21.0066367,105.7823202
3646,42.0,135,5.0,21.0230245,105.7789784
3647,10.7,159,4.0,16.0487929,108.2360851
3648,9.8,120,3.0,21.0268165,105.7678484
3649,7.1,30,3.0,20.9954635,105.7566757
3650,10.3,45,2.0,20.9954635,105.7566757
3651,26.5,98,27.0,21.0369771,105.7414131
3652,33.5,120,25.0,21.0112271,105.7286567
3653,12.5,70,1.0,21.0030193,105.7501271
3654,216.0,280,50.0,19.9915026,105.8452153
3655,72.0,115,10.0,21.0268165,105.7678484
3656,28.2,96,6.0,21.0513954,105.7358271
3657,33.0,70,5.0,19.9915026,105.8452153
3658,14.0,45,13.0,21.0363343,105.7547759
3659,990.0,750,88.0,19.9915026,105.8452153
3660,13.5,102,3.0,21.0513954,105.7358271
3661,5.9,38,1.0,21.0513954,105.7358271
3662,425.0,615,1.0,19.9915026,105.8452153
3663,7.7,70,2.0,21.0230245,105.7789784
3664,31.5,150,5.0,20.9895349,105.793115
3665,6.35,30,4.0,21.0030193,105.7501271
3666,7.99,40,4.0,20.9697129,105.8268207
3667,21.5,86,3.0,20.9954635,105.7566757
3668,25.8,90,5.0,21.0513954,105.7358271
3669,34.8,130,4.0,20.9954635,105.7566757
3670,32.9,100,4.0,10.9366088,106.5394345
3671,17.498,88,6.0,20.9954635,105.7566757
3672,8.65,41,4.0,20.1207716,105.8490068
3673,4.648,70,2.0,19.7292041,105.7820827
3674,9.65,110,3.0,19.7292041,105.7820827
3675,7.5,100,3.0,19.7292041,105.7820827
3676,5.97,38,4.0,21.0030193,105.7501271
3677,5.3,40,3.0,20.9697129,105.8268207
3678,6.25,43,4.0,20.9920996,105.7948895
3679,5.6,43,4.0,19.7292041,105.7820827
3680,6.25,43,4.0,20.9920996,105.7948895
3681,5.6,43,4.0,19.7292041,105.7820827
3682,12.5,72,4.0,20.9954635,105.7566757
3683,16.0,52,17.0,20.9697129,105.8268207
3684,8.5,46,4.0,20.9895349,105.793115
3685,5.35,35,3.0,21.0166746,105.7700653
3686,6.45,38,6.0,21.0030193,105.7501271
3687,8.8,36,3.0,21.0225099,105.7745777
3688,7.9,35,3.0,21.0030193,105.7501271
3690,5.85,32,3.0,20.9900319,105.7733468
3691,8.45,35,6.0,21.0290408,105.7727763
3692,12.5,52,11.0,19.7292041,105.7820827
3693,9.25,35,3.0,20.9920996,105.7948895
3694,6.95,33,3.0,21.0135089,105.7701658
3696,8.35,50,5.0,21.0135089,105.7701658
3697,7.95,38,3.0,21.0268165,105.7678484
3698,8.65,46,6.0,10.7802008,106.626983
3699,8.25,45,4.0,19.7292041,105.7820827
3700,8.35,51,3.0,21.0030193,105.7501271
3701,7.93,40,3.0,21.0064671,105.7870381
3702,9.35,46,6.0,21.0066367,105.7823202
3703,6.98,34,3.0,20.9697129,105.8268207
3704,8.1,40,3.0,21.0166746,105.7700653
3705,8.5,35,3.0,12.6674769,108.0302819
3706,11.5,50,11.0,20.9895349,105.793115
3707,7.2,38,3.0,20.9954635,105.7566757
3708,6.6,35,5.0,21.0030193,105.7501271
3709,10.5,45,4.0,20.9920996,105.7948895
3710,7.45,35,3.0,21.0126502,105.7753613
3711,7.25,32,2.0,20.9982417,105.7889994
3712,7.98,40,5.0,21.0030193,105.7501271
3713,9.85,42,4.0,21.019783,105.7775495
3714,8.35,35,9.0,20.9697129,105.8268207
3715,15.5,55,4.0,13.8108795,109.147241
3716,6.5,35,3.0,20.9954635,105.7566757
3717,10.5,42,3.0,20.9920996,105.7948895
3718,10.8,40,3.0,12.6674769,108.0302819
3719,8.95,38,5.0,21.0166746,105.7700653
3720,6.2,30,3.0,21.0030193,105.7501271
3721,10.5,45,3.0,21.0290408,105.7727763
3722,10.2,34,3.0,10.7802008,106.626983
3723,12.85,52,4.0,19.7292041,105.7820827
3724,6.35,40,6.0,21.0064671,105.7870381
3725,9.0,35,3.0,19.7292041,105.7820827
3726,5.83,30,3.0,21.0135089,105.7701658
3727,10.6,40,11.0,21.0268165,105.7678484
3728,5.85,40,4.0,21.0066367,105.7823202
3729,6.26,50,4.0,21.0225099,105.7745777
3730,5.95,38,4.0,21.0225099,105.7745777
3731,12.0,45,10.0,21.0225099,105.7745777
3732,10.0,50,5.0,20.9894811,105.78935
3733,7.75,40,3.0,20.9954635,105.7566757
3734,7.295,40,4.0,20.9894811,105.78935
3735,6.3,36,3.0,20.9954635,105.7566757
3736,4.95,40,3.0,19.7292041,105.7820827
3737,6.3,38,4.0,20.9954635,105.7566757
3738,7.5,38,4.0,20.9895349,105.793115
3739,6.5,40,3.0,20.9895349,105.793115
3740,9.9,50,9.0,20.9954635,105.7566757
3741,6.3,35,4.0,20.9894811,105.78935
3742,6.5,35,3.0,20.9895349,105.793115
3743,4.5,36,4.0,20.9900319,105.7733468
3744,6.1,36,4.0,20.1207716,105.8490068
3745,4.95,40,3.0,21.0135089,105.7701658
3746,5.45,36,4.0,19.7292041,105.7820827
3747,8.2,40,4.0,21.0126502,105.7753613
3748,5.45,38,4.0,20.1207716,105.8490068
3749,8.2,42,4.0,20.1207716,105.8490068
3750,5.65,42,4.0,20.9920996,105.7948895
3751,8.2,190,9.0,10.7707092,106.7053524
3752,6.3,38,3.0,20.9952881,105.7784954
3753,8.2,36,9.0,21.0126502,105.7753613
3754,6.0,40,4.0,20.9895349,105.793115
3755,11.5,40,9.0,21.0225099,105.7745777
3756,8.5,50,9.0,10.7802008,106.626983
3757,8.65,45,5.0,21.0126502,105.7753613
3758,5.3,32,3.0,20.9954635,105.7566757
3759,5.5,36,3.0,20.9697129,105.8268207
3760,5.5,35,3.0,20.9468801,105.8441938
3761,5.7,36,3.0,20.9697129,105.8268207
3762,5.5,35,3.0,10.9366088,106.5394345
3763,7.05,33,6.0,21.0225099,105.7745777
3764,10.5,40,10.0,21.0290408,105.7727763
3765,6.9,33,3.0,21.0135089,105.7701658
3766,7.995,40,4.0,21.0135089,105.7701658
3767,9.0,38,1.0,21.0268165,105.7678484
3768,12.6,55,2.0,21.0126502,105.7753613
3769,6.85,50,2.0,20.9954635,105.7566757
3770,39.8,96,4.0,10.7707092,106.7053524
3771,14.0,40,3.0,21.0372649,105.7760404
3772,8.0,45,4.0,21.0225099,105.7745777
3773,12.5,60,4.0,21.0225099,105.7745777
3774,8.35,32,4.0,21.0225099,105.7745777
3775,8.0,45,5.0,21.0372649,105.7760404
3776,7.0,45,4.0,21.0225099,105.7745777
3777,11.5,39,4.0,21.0225099,105.7745777
3778,9.0,40,4.0,10.7336862,106.7117284
3779,23.0,60,5.0,12.6674769,108.0302819
3780,26.0,60,5.0,10.7707092,106.7053524
3781,20.0,75,4.0,21.0126502,105.7753613
3782,29.0,118,26.0,21.0225099,105.7745777
3783,6.5,41,4.0,21.0225099,105.7745777
3784,12.75,58,7.0,21.0225099,105.7745777
3785,15.0,60,5.0,21.0225099,105.7745777
3786,8.9,55,4.0,21.0225099,105.7745777
3787,400.0,5400,3.0,19.7292041,105.7820827
3788,14.6,48,4.0,21.0225099,105.7745777
3789,17.0,60,4.0,21.0126502,105.7753613
3790,7.65,55,4.0,21.0225099,105.7745777
3791,14.2,59,12.0,21.0066367,105.7823202
3792,6.5,35,3.0,21.0225099,105.7745777
3793,7.3,33,3.0,21.0225099,105.7745777
3794,7.5,33,3.0,21.0268165,105.7678484
3795,7.95,38,4.0,21.0126502,105.7753613
3796,15.6,46,7.0,21.0225099,105.7745777
3798,8.3,42,4.0,21.0290408,105.7727763
3799,13.6,45,5.0,21.0225099,105.7745777
3800,33.0,75,6.0,21.0225099,105.7745777
3801,85.0,330,6.0,13.8108795,109.147241
3802,105.0,150,5.0,21.0112271,105.7286567
3803,10.4,58,9.0,21.0290408,105.7727763
3804,10.8,52,5.0,21.0290408,105.7727763
3805,8.33,35,4.0,21.0225099,105.7745777
3806,17.0,57,14.0,21.0066367,105.7823202
3807,8.5,37,4.0,21.0225099,105.7745777
3808,12.0,55,4.0,21.0126502,105.7753613
3809,13.0,42,4.0,19.9915026,105.8452153
3810,27.0,80,6.0,10.7707092,106.7053524
3811,17.0,47,5.0,21.0372649,105.7760404
3812,8.0,52,4.0,21.0225099,105.7745777
3813,14.0,42,4.0,21.019783,105.7775495
3814,12.0,60,5.0,21.0225099,105.7745777
3815,8.15,40,4.0,21.0225099,105.7745777
3816,13.0,61,6.0,21.0225099,105.7745777
3817,16.0,65,15.0,21.0126502,105.7753613
3818,8.55,45,4.0,10.7495217,106.6518264
3819,13.3,45,4.0,21.0225099,105.7745777
3820,39.5,80,28.0,21.0905423,105.7890978
3822,130.0,200,5.0,13.7874638,109.1479799
3823,36.0,70,6.0,11.0781002,106.6675554
3824,120.0,345,50.0,13.7874638,109.1479799
3825,86.0,166,1.0,13.7874638,109.1479799
3826,98.0,140,1.0,13.7874638,109.1479799
3827,85.0,236,2.0,13.7874638,109.1479799
3828,16.0,40,4.0,21.051417,105.8110208
3829,60.0,75,2.0,21.0433688,105.8177817
3830,12.0,106,3.0,21.1386811,105.9686796
3831,33.0,120,6.0,21.0905423,105.7890978
3832,75.0,85,10.0,13.7874638,109.1479799
3833,25.0,51,4.0,13.7874638,109.1479799
3834,160.0,168,8.0,17.4696698,106.6029569
3835,10.8,52,4.0,21.0827313,105.9884226
3836,9.0,130,3.0,21.0905423,105.7890978
3837,32.5,100,4.0,13.7874638,109.1479799
3838,65.0,162,4.0,13.7874638,109.1479799
3839,39.5,168,5.0,21.0500027,105.8136258
3840,47.5,230,5.0,21.0618872,105.8306459
3841,45.0,112,7.0,21.0706432,105.8244956
3842,35.0,70,6.0,21.0471077,105.8088299
3843,14.8,50,4.0,21.051417,105.8110208
3844,13.5,52,10.0,21.0643381,105.8062335
3845,120.0,350,6.0,21.0600684,105.8336533
3846,62.4,237,5.0,21.0643381,105.8062335
3847,7.65,81,2.0,15.8847454,108.3698181
3849,14.5,58,10.0,21.0643381,105.8062335
3850,8.7,32,3.0,13.7874638,109.1479799
3851,24.0,84,4.0,21.0718111,105.7900863
3852,135.0,205,8.0,21.0774153,105.8173506
3853,7.6,77,3.0,15.8847454,108.3698181
3854,23.5,148,1.0,21.0905423,105.7890978
3855,8.6,123,3.0,21.5540755,105.8520169
3856,21.2,105,3.0,16.0605377,108.2101935
3857,12.0,45,4.0,21.0905423,105.7890978
3858,45.0,115,5.0,21.051417,105.8110208
3859,35.0,60,6.0,21.0601562,105.8184908
3860,20.0,80,3.0,21.0905423,105.7890978
3861,16.0,68,10.0,21.0643381,105.8062335
3862,26.0,81,5.0,21.0433688,105.8177817
3863,7.85,46,4.0,21.0905423,105.7890978
3864,38.5,130,5.0,21.0905423,105.7890978
3866,10.9,123,3.0,21.0761887,105.7938857
3868,6.4,34,2.0,13.7874638,109.1479799
3869,18.0,58,6.0,21.0405642,105.8069314
3870,11.5,50,3.0,21.0433688,105.8177817
3871,235.0,452,5.0,15.8847454,108.3698181
3872,80.8,202,5.0,15.8847454,108.3698181
3874,120.0,300,5.0,15.8847454,108.3698181
3875,45.0,126,4.0,15.8847454,108.3698181
3877,153.716,324,6.0,21.0340901,105.79751
3878,98.0,230,4.0,21.0340901,105.79751
3879,55.62,120,4.0,21.0340901,105.79751
3880,177.0,354,5.0,15.8847454,108.3698181
3881,210.0,400,6.0,15.8847454,108.3698181
3882,162.0,325,6.0,15.8847454,108.3698181
3883,192.0,366,6.0,15.8847454,108.3698181
3884,10.8,42,2.0,21.051417,105.8110208
3885,245.0,546,6.0,15.8847454,108.3698181
3886,16.0,53,4.0,21.0905423,105.7890978
3887,8.8,33,3.0,21.0905423,105.7890978
3888,15.9,52,16.0,21.0905423,105.7890978
3889,20.3,39,4.0,21.0905423,105.7890978
3890,77.9,142,3.0,21.0600684,105.8336533
3891,13.2,40,4.0,21.0600684,105.8336533
3892,35.5,71,4.0,13.7874638,109.1479799
3893,25.6,63,4.0,13.7874638,109.1479799
3894,8.0,33,3.0,21.0643381,105.8062335
3895,6.8,30,3.0,21.0905423,105.7890978
3896,5.2,30,2.0,21.0905423,105.7890978
3897,7.2,30,3.0,21.0827313,105.9884226
3898,7.2,30,3.0,21.0905423,105.7890978
3899,11.0,54,5.0,21.5540755,105.8520169
3900,13.0,72,5.0,21.0905423,105.7890978
3901,11.0,44,5.0,21.0905423,105.7890978
3902,11.0,60,4.0,21.0905423,105.7890978
3903,11.0,44,5.0,21.0905423,105.7890978
3904,10.0,42,6.0,21.0905423,105.7890978
3905,15.5,81,5.0,21.0905423,105.7890978
3906,12.8,72,5.0,21.0905423,105.7890978
3907,13.0,33,3.0,21.0643381,105.8062335
3908,18.9,50,6.0,13.7874638,109.1479799
3909,16.8,75,4.0,21.0905423,105.7890978
3910,25.3,55,8.0,21.0363664,105.7782262
3911,37.0,63,5.0,21.0471077,105.8088299
3912,26.9,83,24.0,21.0433688,105.8177817
3913,27.9,51,9.0,13.7874638,109.1479799
3914,25.3,55,8.0,21.0363664,105.7782262
3915,320.0,350,72.0,21.0601562,105.8184908
3916,165.0,175,50.0,21.0510294,105.8383084
3917,230.0,270,62.0,21.0618872,105.8306459
3918,230.0,260,62.0,21.0681841,105.8250768
3919,198.0,230,55.0,21.0618872,105.8306459
3920,198.0,230,55.0,21.0681841,105.8250768
3921,170.0,190,50.0,17.4696698,106.6029569
3922,170.0,190,50.0,21.0618872,105.8306459
3923,170.0,190,50.0,21.0510294,105.8383084
3924,95.0,330,6.0,13.7874638,109.1479799
3925,165.0,175,50.0,21.0681841,105.8250768
3926,39.0,138,2.0,13.7874638,109.1479799
3927,40.0,115,6.0,21.0706432,105.8244956
3928,38.0,100,6.0,13.7874638,109.1479799
3929,11.0,46,4.0,21.0471077,105.8088299
3930,14.0,40,4.0,21.0643381,105.8062335
3931,14.0,51,6.0,21.051417,105.8110208
3932,13.0,45,6.0,21.0433688,105.8177817
3933,24.0,81,6.0,21.0643381,105.8062335
3934,18.0,70,22.0,13.7874638,109.1479799
3935,13.0,45,3.0,21.0643381,105.8062335
3936,126.8,345,6.0,21.0433688,105.8177817
3937,190.0,341,4.0,21.0706432,105.8244956
3938,95.0,88,5.0,21.0601562,105.8184908
3942,22.5,110,3.0,15.8847454,108.3698181
3943,21.0,210,4.0,15.8847454,108.3698181
3944,57.0,207,5.0,15.9266657,107.9650855
3947,16.9,89,2.0,15.8847454,108.3698181
3948,7.35,90,3.0,21.0874318,105.8161173
3949,125.0,480,5.0,21.0651045,105.8240118
3950,223.0,286,8.0,13.7874638,109.1479799
3951,60.0,230,6.0,21.0761887,105.7938857
3952,64.0,180,3.0,21.0761887,105.7938857
3953,88.0,576,5.0,21.0651045,105.8240118
3954,889.0,1263,32.0,21.0706432,105.8244956
3955,15.6,52,4.0,21.0827313,105.9884226
3956,110.0,150,18.0,21.0681841,105.8250768
3957,170.0,220,10.0,11.0781002,106.6675554
3958,50.4,240,3.0,21.0827313,105.9884226
3959,250.0,479,10.0,21.0600684,105.8336533
3960,305.0,242,30.0,21.0618872,105.8306459
3961,25.8,85,12.0,21.0515717,105.8085966
3962,35.0,80,31.0,21.0643381,105.8062335
3963,58.0,272,5.0,21.0774153,105.8173506
3964,89.0,120,4.0,21.0774153,105.8173506
3965,75.0,192,24.0,21.0651045,105.8240118
3966,15.0,48,6.0,21.0433688,105.8177817
3967,17.0,55,4.0,15.8847454,108.3698181
3968,12.0,64,4.0,15.8847454,108.3698181
3969,12.0,36,3.0,21.051417,105.8110208
3970,20.0,60,2.0,21.0433688,105.8177817
3971,23.0,75,5.0,21.1844204,106.0678927
3972,20.0,100,4.0,21.0600684,105.8336533
3973,12.0,45,2.0,15.8847454,108.3698181
3974,93.0,352,6.0,13.7874638,109.1479799
3975,209.0,260,45.0,21.0510294,105.8383084
3976,320.0,640,160.0,21.0681841,105.8250768
3977,12.6,90,1.0,21.0600684,105.8336533
3978,8.2,43,2.0,15.8847454,108.3698181
3979,6.3,32,1.0,21.0827313,105.9884226
3980,11.0,60,1.0,21.0905423,105.7890978
3981,13.0,60,2.0,21.0905423,105.7890978
3982,8.3,123,3.0,21.0905423,105.7890978
3983,8.25,130,3.0,21.0905423,105.7890978
3984,7.6,43,4.0,15.8847454,108.3698181
3985,10.4,43,5.0,21.0905423,105.7890978
3986,7.1,36,1.0,21.0905423,105.7890978
3987,10.45,40,5.0,21.0905423,105.7890978
3988,10.85,60,4.0,21.0712932,105.7992077
3989,12.0,75,4.0,21.0905423,105.7890978
3990,12.2,75,4.0,21.5540755,105.8520169
3991,10.6,45,5.0,21.0905423,105.7890978
3992,10.5,45,5.0,21.0905423,105.7890978
3993,7.85,29,5.0,13.7874638,109.1479799
3994,7.95,45,3.0,21.0905423,105.7890978
3995,7.45,48,4.0,21.5540755,105.8520169
3996,7.55,48,3.0,21.0905423,105.7890978
3997,10.0,40,4.0,21.0874318,105.8161173
3998,9.7,42,4.0,21.0827313,105.9884226
3999,7.85,43,3.0,15.8847454,108.3698181
4000,8.0,40,2.0,15.8847454,108.3698181
4001,8.15,44,2.0,15.8847454,108.3698181
4002,6.65,36,3.0,21.0905423,105.7890978
4003,6.25,32,1.0,11.0310973,106.6932946
4004,8.45,50,1.0,21.0905423,105.7890978
4005,8.1,45,3.0,21.0905423,105.7890978
4006,7.5,35,3.0,21.0905423,105.7890978
4007,6.9,34,3.0,21.0905423,105.7890978
4008,8.8,38,3.0,21.0905423,105.7890978
4009,10.4,60,8.0,21.0905423,105.7890978
4010,12.0,65,5.0,13.7874638,109.1479799
4011,7.2,39,3.0,15.8847454,108.3698181
4012,7.45,45,4.0,21.0600684,105.8336533
4013,10.2,60,4.0,13.7874638,109.1479799
4014,9.6,43,4.0,21.0643381,105.8062335
4015,8.0,50,6.0,21.0905423,105.7890978
4016,10.5,55,3.0,21.0905423,105.7890978
4017,7.25,34,3.0,21.0905423,105.7890978
4018,12.0,50,4.0,21.0643381,105.8062335
4019,10.2,38,4.0,13.7874638,109.1479799
4020,12.5,65,4.0,21.0827313,105.9884226
4021,9.8,65,5.0,21.0905423,105.7890978
4022,14.5,55,5.0,21.0905423,105.7890978
4023,14.0,105,3.0,21.0905423,105.7890978
4024,13.8,50,5.0,13.7874638,109.1479799
4025,7.8,40,4.0,13.7874638,109.1479799
4026,7.8,33,3.0,21.0905423,105.7890978
4027,3.95,43,1.0,13.7874638,109.1479799
4028,3.4,50,2.0,21.5540755,105.8520169
4029,9.0,85,1.0,21.0905423,105.7890978
4030,14.1,65,3.0,21.0874318,105.8161173
4031,14.0,90,5.0,21.0600684,105.8336533
4032,7.6,46,1.0,21.0905423,105.7890978
4033,8.5,45,4.0,21.0905423,105.7890978
4034,7.5,40,4.0,21.0905423,105.7890978
4035,15.75,53,4.0,21.5540755,105.8520169
4036,7.4,44,4.0,21.0905423,105.7890978
4037,12.9,40,6.0,21.0651045,105.8240118
4038,7.5,55,1.0,21.0905423,105.7890978
4039,10.75,50,4.0,21.0905423,105.7890978
4040,12.7,53,4.0,21.0618872,105.8306459
4041,11.75,55,1.0,21.0905423,105.7890978
4042,8.6,65,4.0,21.0827313,105.9884226
4043,11.7,60,4.0,21.0905423,105.7890978
4044,9.6,65,1.0,21.0905423,105.7890978
4045,4.9,23,3.0,21.0905423,105.7890978
4046,13.7,95,5.0,21.0827313,105.9884226
4047,7.5,43,4.0,13.7874638,109.1479799
4048,11.7,70,4.0,13.7874638,109.1479799
4049,7.0,43,3.0,21.0827313,105.9884226
4050,7.8,48,3.0,21.0905423,105.7890978
4051,8.2,65,3.0,21.0905423,105.7890978
4052,7.2,54,2.0,13.7874638,109.1479799
4053,10.5,48,4.0,21.0905423,105.7890978
4054,10.75,70,3.0,21.0905423,105.7890978
4055,7.65,49,3.0,21.0905423,105.7890978
4056,11.0,42,6.0,21.0874318,105.8161173
4057,14.5,85,4.0,21.0280116,105.4525368
4058,8.0,45,3.0,21.0905423,105.7890978
4059,8.2,65,2.0,21.0905423,105.7890978
4060,7.15,48,3.0,21.0905423,105.7890978
4061,9.6,65,1.0,21.0905423,105.7890978
4062,12.3,60,4.0,15.8847454,108.3698181
4063,13.2,90,3.0,13.7874638,109.1479799
4064,11.0,60,3.0,21.0905423,105.7890978
4065,9.0,52,3.0,11.0310973,106.6932946
4066,7.15,40,3.0,15.8847454,108.3698181
4067,11.5,75,3.0,21.0905423,105.7890978
4068,11.0,60,4.0,21.0905423,105.7890978
4069,9.5,60,2.0,13.7874638,109.1479799
4070,7.2,33,3.0,21.0905423,105.7890978
4071,7.15,40,4.0,15.8847454,108.3698181
4072,6.6,35,4.0,21.0905423,105.7890978
4073,7.5,43,4.0,13.7874638,109.1479799
4074,18.5,95,21.0,21.0905423,105.7890978
4075,11.0,60,3.0,21.0905423,105.7890978
4076,15.2,50,4.0,21.051417,105.8110208
4077,9.05,132,3.0,21.0643381,105.8062335
4078,7.3,40,3.0,13.7874638,109.1479799
4079,11.0,60,1.0,13.7874638,109.1479799
4080,12.7,63,6.0,13.7874638,109.1479799
4081,7.4,45,4.0,13.7874638,109.1479799
4082,11.8,48,9.0,15.8847454,108.3698181
4083,11.7,70,4.0,13.7874638,109.1479799
4084,13.0,80,3.0,21.0905423,105.7890978
4085,7.5,45,3.0,21.0905423,105.7890978
4086,7.3,32,4.0,15.8847454,108.3698181
4087,5.3,76,2.0,21.5540755,105.8520169
4088,8.4,86,3.0,21.0905423,105.7890978
4089,8.35,86,2.0,21.0905423,105.7890978
4090,77.0,145,6.0,21.0560179,105.8361652
4091,50.0,130,10.0,21.0600684,105.8336533
4092,50.0,70,5.0,13.7874638,109.1479799
4093,138.0,210,30.0,21.0681841,105.8250768
4094,61.0,285,6.0,21.0600684,105.8336533
4095,92.5,86,6.0,21.0729994,105.8183204
4096,95.0,110,5.0,21.0729994,105.8183204
4097,109.0,117,12.0,21.0500027,105.8136258
4098,80.0,123,4.0,21.0774153,105.8173506
4099,110.0,120,10.0,21.0729994,105.8183204
4100,110.0,315,4.0,21.0600684,105.8336533
4101,48.0,90,6.0,13.7874638,109.1479799
4102,140.0,210,35.0,21.0681841,105.8250768
4103,71.0,108,6.0,21.0729994,105.8183204
4104,78.5,120,8.0,13.7874638,109.1479799
4105,47.0,100,8.0,13.7874638,109.1479799
4106,27.5,185,3.0,21.0905423,105.7890978
4107,25.0,75,5.0,21.0827313,105.9884226
4108,33.0,85,4.0,13.7874638,109.1479799
4109,29.0,86,6.0,15.8847454,108.3698181
4110,70.0,180,76.0,15.8847454,108.3698181
4111,41.0,110,2.0,21.0761887,105.7938857
4112,35.0,90,5.0,13.7874638,109.1479799
4113,18.0,85,5.0,21.5540755,105.8520169
4114,32.5,145,3.0,21.0827313,105.9884226
4115,32.5,142,5.0,21.0827313,105.9884226
4116,41.5,132,22.0,21.0681841,105.8250768
4117,15.5,65,10.0,21.0827313,105.9884226
4118,27.5,185,5.0,21.0905423,105.7890978
4119,18.0,85,5.0,21.5540755,105.8520169
4120,88.0,220,9.0,17.4696698,106.6029569
4121,10.0,35,3.0,21.0643381,105.8062335
4122,38.0,68,6.0,21.0340901,105.79751
4123,29.0,142,4.0,13.7874638,109.1479799
4124,16.8,65,5.0,21.0827313,105.9884226
4125,14.5,50,2.0,21.0761887,105.7938857
4126,17.8,62,16.0,21.0827313,105.9884226
4127,60.0,120,4.0,21.0681841,105.8250768
4128,45.0,160,50.0,21.0905423,105.7890978
4129,10.5,42,4.0,21.0905423,105.7890978
4130,15.5,55,4.0,21.0827313,105.9884226
4131,11.5,45,5.0,21.0905423,105.7890978
4132,14.0,40,3.0,21.0643381,105.8062335
4133,11.0,40,5.0,21.0905423,105.7890978
4134,15.0,55,16.0,21.0905423,105.7890978
4135,70.0,180,76.0,13.7874638,109.1479799
4136,70.0,180,76.0,15.8847454,108.3698181
4137,9.0,41,4.0,21.0905423,105.7890978
4138,30.0,75,11.0,21.0774153,105.8173506
4139,150.0,252,5.0,13.7874638,109.1479799
4140,9.0,130,3.0,21.0905423,105.7890978
4141,40.0,193,8.0,21.0905423,105.7890978
4142,36.0,75,5.0,13.7874638,109.1479799
4143,60.0,180,5.0,15.8847454,108.3698181
4144,128.5,231,5.0,13.7874638,109.1479799
4145,19.0,60,5.0,21.0827313,105.9884226
4146,78.5,120,5.0,15.8847454,108.3698181
4147,76.0,120,5.0,21.0340901,105.79751
4148,147.0,400,6.0,15.8847454,108.3698181
4149,60.0,135,7.0,13.7874638,109.1479799
4150,90.0,135,5.0,21.0340901,105.79751
4151,122.0,238,5.0,13.7874638,109.1479799
4152,60.0,280,6.0,21.0500027,105.8136258
4153,70.0,132,5.0,13.7874638,109.1479799
4154,65.0,135,5.0,13.7874638,109.1479799
4155,25.0,65,2.0,21.0643381,105.8062335
4156,180.0,270,5.0,13.7874638,109.1479799
4157,128.0,290,5.0,13.7874638,109.1479799
4158,60.0,200,5.0,21.5540755,105.8520169
4159,25.0,110,3.0,21.0827313,105.9884226
4160,35.5,68,2.0,13.7874638,109.1479799
4161,18.0,98,3.0,21.0905423,105.7890978
4162,23.5,150,4.0,21.0905423,105.7890978
4163,50.0,108,3.0,21.0500027,105.8136258
4164,12.0,60,2.0,21.0827313,105.9884226
4165,30.0,105,3.0,21.0280116,105.4525368
4166,9.0,45,2.0,21.0905423,105.7890978
4167,60.0,200,5.0,21.0827313,105.9884226
4168,28.5,165,5.0,21.0827313,105.9884226
4169,33.0,250,5.0,21.0905423,105.7890978
4170,28.5,175,5.0,21.0827313,105.9884226
4171,24.0,125,4.0,21.0905423,105.7890978
4172,13.8,85,3.0,21.0905423,105.7890978
4173,15.5,62,2.0,21.0827313,105.9884226
4174,9.4,80,3.0,21.0905423,105.7890978
4175,46.0,185,5.0,13.7874638,109.1479799
4176,48.0,245,5.0,21.0827313,105.9884226
4177,14.0,100,3.0,21.0905423,105.7890978
4178,56.0,110,3.0,13.7874638,109.1479799
4179,21.0,105,3.0,21.0905423,105.7890978
4180,22.5,120,4.0,21.0827313,105.9884226
4181,27.0,180,5.0,21.0905423,105.7890978
4182,36.0,150,4.0,21.0827313,105.9884226
4183,33.0,168,5.0,21.0827313,105.9884226
4184,27.0,110,3.0,21.0827313,105.9884226
4185,21.0,85,3.0,21.0827313,105.9884226
4186,21.0,109,3.0,21.0827313,105.9884226
4187,58.0,300,5.0,13.7874638,109.1479799
4188,26.0,123,4.0,21.0905423,105.7890978
4189,40.0,160,5.0,13.7874638,109.1479799
4190,20.0,63,2.0,21.0643381,105.8062335
4191,90.0,178,5.0,21.0774153,105.8173506
4192,29.0,135,4.0,21.5540755,105.8520169
4193,67.0,270,5.0,13.7874638,109.1479799
4194,358.0,955,5.0,21.0774153,105.8173506
4195,20.0,64,2.0,21.0643381,105.8062335
4196,20.0,65,2.0,21.0643381,105.8062335
4198,240.0,360,8.0,13.7874638,109.1479799
4199,79.0,250,1.0,15.8847454,108.3698181
4200,60.0,160,7.0,21.0827313,105.9884226
4201,170.0,400,9.0,15.8847454,108.3698181
4202,7.0,40,2.0,21.0827313,105.9884226
4203,10.0,42,4.0,21.0905423,105.7890978
4204,40.0,98,10.0,21.1844204,106.0678927
4205,42.0,150,21.0,21.0500027,105.8136258
4206,22.0,55,4.0,13.7874638,109.1479799
4207,8.3,45,5.0,13.7874638,109.1479799
4208,17.8,57,4.0,21.0452324,105.845287
4209,27.8,100,5.0,21.5540755,105.8520169
4210,6.2,48,4.0,13.7874638,109.1479799
4211,6.6,51,4.0,21.0905423,105.7890978
4212,6.2,27,3.0,21.0643381,105.8062335
4213,6.0,58,6.0,21.0905423,105.7890978
4214,6.9,47,6.0,21.0643381,105.8062335
4215,9.5,45,3.0,13.7874638,109.1479799
4216,6.9,58,6.0,21.0905423,105.7890978
4217,6.6,42,3.0,21.0643381,105.8062335
4218,6.85,50,4.0,21.0643381,105.8062335
4219,13.8,40,4.0,21.0643381,105.8062335
4220,13.8,50,4.0,20.9896085,105.8130555
4221,54.0,125,8.0,20.9942546,105.7964393
4222,16.0,66,4.0,21.0012553,105.8224763
4223,79.0,120,4.0,21.0100453,105.8105522
4224,11.0,112,3.0,16.0822737,108.2333819
4225,8.68,30,3.0,21.0020229,105.821533
4226,14.4,61,5.0,20.9998915,105.8210841
4227,15.3,101,1.0,21.0020229,105.821533
4228,9.6,45,4.0,21.0020229,105.821533
4229,11.8,45,3.0,20.9895322,105.8342424
4230,8.6,40,4.0,20.9896085,105.8130555
4231,10.45,35,3.0,20.9663866,105.7655272
4232,24.95,48,4.0,20.9883052,105.805355
4233,75.0,125,3.0,21.0100453,105.8105522
4234,6.7,55,1.0,20.1207716,105.8490068
4236,13.2,110,3.0,20.1207716,105.8490068
4237,8.2,50,9.0,21.0006131,105.8108469
4238,17.02,88,18.0,20.1207716,105.8490068
4239,3.8,32,1.0,20.1207716,105.8490068
4240,18.3,65,10.0,21.0020229,105.821533
4241,48.5,86,9.0,15.9958676,108.2130359
4242,9.5,92,3.0,20.1207716,105.8490068
4243,42.0,83,4.0,20.9883052,105.805355
4244,18.0,49,4.0,20.9803792,105.8030522
4245,6.58,30,3.0,20.9803792,105.8030522
4246,7.5,35,5.0,20.9895322,105.8342424
4247,35.8,98,23.0,20.9968956,105.8248437
4248,6.6,21,3.0,21.0020229,105.821533
4251,7.8,33,3.0,21.0027959,105.8108297
4252,13.35,55,5.0,20.9968956,105.8248437
4253,13.3,53,6.0,10.7791664,106.9579212
4254,12.7,45,7.0,21.0020825,105.8085333
4255,12.4,66,6.0,16.0224087,108.2055717
4257,13.6,55,4.0,20.9923079,105.8157765
4258,10.0,35,4.0,10.7791664,106.9579212
4259,16.0,66,3.0,21.0012553,105.8224763
4260,17.9,60,2.0,16.003764,108.2089201
4261,26.9,78,16.0,21.0012553,105.8224763
4262,52.0,86,11.0,20.9973358,105.8098275
4263,11.0,109,2.0,20.1207716,105.8490068
4264,20.0,45,3.0,21.0020825,105.8085333
4265,8.45,36,4.0,20.9923079,105.8157765
4266,40.0,768,1.0,20.1207716,105.8490068
4267,6.58,30,3.0,20.9803792,105.8030522
4268,16.0,52,5.0,20.1207716,105.8490068
4269,31.0,70,4.0,20.9895322,105.8342424
4270,16.5,68,7.0,21.0027959,105.8108297
4271,69.0,192,4.0,20.9973796,105.7988001
4272,70.0,288,7.0,20.9998915,105.8210841
4273,199.0,567,9.0,10.7791664,106.9579212
4274,10.0,68,4.0,20.1207716,105.8490068
4275,22.0,75,6.0,21.0012553,105.8224763
4276,20.0,81,4.0,21.0012553,105.8224763
4277,16.5,73,6.0,21.0027959,105.8108297
4278,79.0,260,8.0,20.9962471,105.8023775
4279,45.0,143,8.0,20.9968956,105.8248437
4280,12.2,56,8.0,21.0020229,105.821533
4282,14.85,45,4.0,21.0012553,105.8224763
4283,17.5,53,4.0,10.7515974,106.6624063
4284,17.6,55,4.0,20.9803792,105.8030522
4285,13.5,56,8.0,21.0020229,105.821533
4286,16.0,53,6.0,21.0020229,105.821533
4287,11.9,42,5.0,20.9896085,105.8130555
4288,11.0,57,4.0,16.0224087,108.2055717
4289,12.0,42,3.0,20.9896085,105.8130555
4290,30.0,100,11.0,20.9968956,105.8248437
4291,13.6,40,4.0,20.9895322,105.8342424
4292,13.6,40,4.0,20.9968956,105.8248437
4293,14.6,62,4.0,20.9973358,105.8098275
4294,18.0,69,5.0,20.9896085,105.8130555
4295,30.0,87,5.0,20.9891193,105.8135091
4296,45.0,90,8.0,20.9994726,105.8250068
4297,55.0,90,6.0,20.9994726,105.8250068
4298,25.2,50,2.0,21.0012553,105.8224763
4299,29.0,75,5.0,20.9968956,105.8248437
4300,15.0,44,4.0,21.124367,105.9711712
4301,19.5,55,5.0,20.9895322,105.8342424
4302,15.0,50,4.0,21.0020229,105.821533
4303,16.5,50,4.0,21.0012553,105.8224763
4304,25.0,75,5.0,20.9663866,105.7655272
4305,22.6,60,5.0,20.9968956,105.8248437
4306,22.6,66,5.0,20.9968956,105.8248437
4307,17.3,40,4.0,20.9994726,105.8250068
4308,18.8,41,4.0,20.9994726,105.8250068
4309,14.5,50,5.0,21.0019707,105.8207667
4310,14.5,50,4.0,20.9896085,105.8130555
4311,23.8,65,6.0,20.9968956,105.8248437
4312,28.5,79,5.0,20.995788,105.8400222
4313,19.0,54,4.0,20.9979552,105.8036347
4314,14.2,45,5.0,20.9968956,105.8248437
4315,139.0,310,10.0,20.9891193,105.8135091
4316,98.0,200,9.0,20.9968956,105.8248437
4317,52.0,104,9.0,20.9891193,105.8135091
4318,60.0,116,9.0,16.4794375,107.606776
4319,72.0,120,8.0,20.9968956,105.8248437
4320,72.0,120,8.0,21.0012553,105.8224763
4321,73.0,164,6.0,20.9979552,105.8036347
4322,32.0,120,23.0,15.9958676,108.2130359
4323,65.0,165,15.0,20.9891193,105.8135091
4324,75.0,120,9.0,20.9895322,105.8342424
4325,74.0,120,9.0,20.9895322,105.8342424
4326,72.0,120,8.0,20.9895322,105.8342424
4327,45.0,110,15.0,20.9998915,105.8210841
4328,22.0,80,21.0,20.9968956,105.8248437
4329,30.0,120,30.0,20.9891193,105.8135091
4330,40.0,153,43.0,20.1207716,105.8490068
4331,31.9,140,30.0,20.9891193,105.8135091
4332,36.6,100,23.0,20.9968956,105.8248437
4333,31.9,140,30.0,20.9891193,105.8135091
4334,71.0,170,36.0,20.9896085,105.8130555
4335,31.9,140,30.0,20.9891193,105.8135091
4336,20.8,87,18.0,20.9973358,105.8098275
4337,32.0,130,39.0,20.1207716,105.8490068
4338,50.0,231,40.0,21.0042666,105.8164706
4339,22.8,80,18.0,20.9973358,105.8098275
4340,26.5,92,27.0,20.1207716,105.8490068
4341,46.0,160,40.0,20.1207716,105.8490068
4342,50.0,232,38.0,21.0042666,105.8164706
4343,21.0,88,16.0,20.1207716,105.8490068
4344,21.5,100,30.0,15.9958676,108.2130359
4345,19.8,75,18.0,20.9891193,105.8135091
4346,24.0,90,20.0,20.9891193,105.8135091
4347,24.8,94,23.0,10.7791664,106.9579212
4348,30.0,118,28.0,20.9891193,105.8135091
4349,22.0,80,26.0,20.9920996,105.7948895
4350,22.0,79,21.0,21.0013496,105.8141097
4351,22.8,80,24.0,20.9891193,105.8135091
4352,24.8,92,23.0,20.995788,105.8400222
4353,20.0,60,18.0,20.9891193,105.8135091
4354,19.0,72,20.0,20.9973358,105.8098275
4355,20.0,70,20.0,20.9891193,105.8135091
4356,29.0,112,29.0,10.7791664,106.9579212
4357,15.7,65,17.0,20.9896085,105.8130555
4358,17.5,71,18.0,21.0029657,105.841228
4359,23.99,95,17.0,21.0020229,105.821533
4360,23.5,80,21.0,20.9968956,105.8248437
4361,25.0,71,24.0,20.9968956,105.8248437
4362,25.0,90,18.0,20.9891193,105.8135091
4363,28.0,85,20.0,20.9968956,105.8248437
4364,15.0,85,19.0,20.995788,105.8400222
4365,25.0,81,20.0,21.0027959,105.8108297
4366,40.0,155,44.0,21.0020229,105.821533
4367,16.5,55,18.0,21.0027959,105.8108297
4368,19.8,62,22.0,21.0027959,105.8108297
4369,39.9,154,43.0,20.9891193,105.8135091
4370,18.9,62,16.0,20.9968956,105.8248437
4371,37.0,185,30.0,20.9891193,105.8135091
4372,21.5,111,25.0,20.995788,105.8400222
4373,32.5,120,24.0,20.9891193,105.8135091
4374,40.5,135,42.0,20.9896085,105.8130555
4375,35.8,120,28.0,20.9891193,105.8135091
4376,48.0,175,34.0,21.0042666,105.8164706
4377,29.8,115,32.0,20.9891193,105.8135091
4378,27.5,112,22.0,20.9923079,105.8157765
4379,22.0,81,25.0,20.1207716,105.8490068
4380,22.0,82,25.0,21.0042666,105.8164706
4381,24.99,70,24.0,10.7791664,106.9579212
4382,29.5,136,44.0,20.1207716,105.8490068
4383,35.0,100,24.0,20.1207716,105.8490068
4384,49.5,92,8.0,20.9883052,105.805355
4385,21.0,51,4.0,20.9883052,105.805355
4386,30.8,52,4.0,20.9883052,105.805355
4387,65.0,73,2.0,20.9979552,105.8036347
4388,90.0,140,19.0,20.9896085,105.8130555
4389,45.0,98,4.0,21.0008697,105.8238782
4390,27.2,68,9.0,20.9663866,105.7655272
4391,48.5,86,4.0,21.0042397,105.7959411
4392,68.0,115,4.0,20.9883052,105.805355
4393,75.0,120,4.0,20.9998915,105.8210841
4394,72.0,191,6.0,20.9771949,105.8242672
4395,81.9,107,4.0,20.9979552,105.8036347
4396,74.0,165,5.0,20.9979552,105.8036347
4397,79.0,120,4.0,21.0100453,105.8105522
4398,150.0,190,4.0,21.0012553,105.8224763
4399,9.58,55,4.0,10.7791664,106.9579212
4400,21.99,82,4.0,20.9702796,105.7694253
4401,17.2,36,4.0,21.0030929,105.8065066
4402,17.4,40,4.0,20.9979552,105.8036347
4403,17.4,40,4.0,20.9973796,105.7988001
4404,13.0,116,3.0,21.0100453,105.8105522
4405,11.95,100,3.0,20.9979552,105.8036347
4406,8.6,27,4.0,21.0006131,105.8108469
4407,9.8,38,3.0,21.0019707,105.8207667
4408,35.0,150,4.0,10.7791664,106.9579212
4409,41.8,118,4.0,20.9895322,105.8342424
4410,44.8,143,8.0,20.9883052,105.805355
4411,44.8,171,20.0,21.0020229,105.821533
4412,41.0,194,4.0,20.1207716,105.8490068
4413,54.0,113,20.0,20.9891193,105.8135091
4414,59.8,181,7.0,21.0012553,105.8224763
4415,41.5,96,4.0,21.0012553,105.8224763
4416,41.8,90,8.0,16.4794375,107.606776
4417,70.0,177,2.0,21.0042397,105.7959411
4418,49.5,111,10.0,21.0027959,105.8108297
4419,48.5,86,7.0,21.0042397,105.7959411
4420,53.5,86,6.0,20.9973358,105.8098275
4421,53.0,148,4.0,20.9973796,105.7988001
4422,66.0,136,5.0,20.1207716,105.8490068
4423,46.0,90,5.0,20.1207716,105.8490068
4424,43.8,156,6.0,20.1207716,105.8490068
4425,42.0,148,6.0,21.0030929,105.8065066
4426,52.5,148,6.0,20.9979552,105.8036347
4427,37.0,101,5.0,20.9883052,105.805355
4428,46.5,123,6.0,21.0027959,105.8108297
4429,43.5,90,5.0,20.9968956,105.8248437
4430,73.0,191,8.0,20.9896085,105.8130555
4431,42.0,118,6.0,20.9896085,105.8130555
4432,38.5,100,6.0,21.0100453,105.8105522
4433,37.5,145,18.0,21.0029657,105.841228
4434,31.0,81,18.0,21.0013496,105.8141097
4435,8.2,35,5.0,10.7791664,106.9579212
4436,5.3,22,3.0,20.9942546,105.7964393
4437,13.0,112,3.0,20.9979552,105.8036347
4438,12.8,40,3.0,20.9998915,105.8210841
4439,12.2,42,4.0,20.9968956,105.8248437
4440,11.2,38,3.0,20.9891193,105.8135091
4441,13.4,50,4.0,21.0020229,105.821533
4442,16.7,48,3.0,20.9895322,105.8342424
4443,16.9,47,3.0,20.9895322,105.8342424
4444,14.3,59,4.0,20.9998915,105.8210841
4445,16.5,61,1.0,21.0012553,105.8224763
4446,18.0,61,4.0,20.9994726,105.8250068
4447,16.0,45,4.0,21.0020229,105.821533
4448,18.7,52,5.0,21.0012553,105.8224763
4449,12.5,42,3.0,21.0020229,105.821533
4450,19.0,54,4.0,20.9998915,105.8210841
4451,20.0,56,4.0,21.0012553,105.8224763
4452,14.5,53,1.0,20.1207716,105.8490068
4453,15.8,70,4.0,20.9895322,105.8342424
4454,16.0,50,4.0,21.0012553,105.8224763
4455,14.2,56,5.0,20.9998915,105.8210841
4456,17.4,62,3.0,20.9895322,105.8342424
4457,17.5,65,3.0,20.9968956,105.8248437
4458,13.5,40,4.0,16.0224087,108.2055717
4459,12.9,37,3.0,21.0027959,105.8108297
4460,25.8,60,4.0,21.0012553,105.8224763
4461,43.8,156,5.0,20.9979552,105.8036347
4462,28.2,60,4.0,20.9968956,105.8248437
4463,28.0,60,4.0,20.9994726,105.8250068
4464,19.3,56,4.0,21.0012553,105.8224763
4465,26.9,62,4.0,20.9968956,105.8248437
4466,25.0,90,1.0,21.0012553,105.8224763
4467,20.3,62,16.0,20.9968956,105.8248437
4468,27.0,68,4.0,15.9958676,108.2130359
4469,27.0,70,8.0,20.9979552,105.8036347
4470,12.5,42,4.0,20.9968956,105.8248437
4471,14.8,55,4.0,20.9968956,105.8248437
4472,11.9,45,3.0,21.0020229,105.821533
4473,14.3,60,4.0,20.9998915,105.8210841
4474,16.0,48,4.0,21.0012553,105.8224763
4475,20.0,60,5.0,21.0012553,105.8224763
4476,17.5,50,6.0,21.0012553,105.8224763
4477,17.8,55,4.0,20.9968956,105.8248437
4478,13.0,48,5.0,20.9968956,105.8248437
4479,20.0,64,3.0,20.9998915,105.8210841
4480,14.3,62,4.0,20.9998915,105.8210841
4481,11.0,48,4.0,20.9968956,105.8248437
4482,18.0,52,6.0,20.9891193,105.8135091
4483,17.0,48,6.0,20.9895322,105.8342424
4484,15.0,66,4.0,20.9891193,105.8135091
4485,60.0,140,6.0,21.0013496,105.8141097
4486,73.5,155,3.0,21.0019707,105.8207667
4487,72.0,120,9.0,21.0012553,105.8224763
4488,12.0,47,4.0,21.0020229,105.821533
4489,13.0,54,14.0,21.0027959,105.8108297
4490,14.0,48,6.0,20.9994726,105.8250068
4491,19.0,56,4.0,21.0012553,105.8224763
4492,14.0,40,1.0,20.9973796,105.7988001
4493,33.0,102,26.0,20.9920996,105.7948895
4494,29.5,102,1.0,16.4794375,107.606776
4495,28.2,75,3.0,21.0012553,105.8224763
4496,20.0,50,4.0,20.9883052,105.805355
4497,21.0,76,4.0,20.9920996,105.7948895
4498,29.3,50,3.0,21.0012553,105.8224763
4499,75.0,160,3.0,21.0012553,105.8224763
4500,10.8,40,3.0,20.9968956,105.8248437
4501,16.5,47,4.0,20.9891193,105.8135091
4502,6.7,40,10.0,16.0224087,108.2055717
4503,15.0,48,4.0,20.9968956,105.8248437
4504,2.5,50,2.0,20.1207716,105.8490068
4505,18.9,55,4.0,20.9998915,105.8210841
4506,15.7,50,3.0,16.4794375,107.606776
4507,20.0,50,4.0,20.9968956,105.8248437
4508,17.5,50,6.0,16.0224087,108.2055717
4509,13.0,54,11.0,21.0027959,105.8108297
4510,13.3,42,4.0,20.9896085,105.8130555
4511,15.0,58,4.0,21.0027959,105.8108297
4512,18.0,56,6.0,21.0012553,105.8224763
4513,16.0,48,5.0,20.9994726,105.8250068
4514,16.0,52,3.0,20.9968956,105.8248437
4515,16.0,50,4.0,21.0020229,105.821533
4516,12.9,45,3.0,21.0020229,105.821533
4517,14.9,50,3.0,20.9896085,105.8130555
4518,16.8,58,4.0,20.9896085,105.8130555
4519,16.5,55,3.0,20.9895322,105.8342424
4520,19.0,65,3.0,21.0012553,105.8224763
4521,22.9,87,4.0,20.9994726,105.8250068
4522,14.65,71,3.0,16.0224087,108.2055717
4523,13.9,52,9.0,16.0224087,108.2055717
4524,14.95,53,10.0,21.0013496,105.8141097
4525,12.8,41,6.0,21.0012553,105.8224763
4526,15.2,46,6.0,20.9923079,105.8157765
4527,15.2,73,4.0,20.9895322,105.8342424
4528,13.3,40,3.0,21.0020825,105.8085333
4529,18.9,50,6.0,20.9998915,105.8210841
4530,6.9,28,3.0,21.0020229,105.821533
4531,12.0,35,6.0,21.0020229,105.821533
4532,12.99,42,3.0,20.9883052,105.805355
4533,18.9,58,5.0,20.9942546,105.7964393
4534,55.0,84,6.0,20.9994726,105.8250068
4535,7.5,32,5.0,21.0020229,105.821533
4536,25.0,60,4.0,20.9998915,105.8210841
4537,25.0,70,5.0,21.0012553,105.8224763
4538,27.0,87,3.0,21.0042397,105.7959411
4539,66.0,136,8.0,20.1207716,105.8490068
4540,12.3,116,3.0,21.0052566,105.8047593
4541,11.0,75,3.0,20.9962471,105.8023775
4542,12.0,93,3.0,20.9973358,105.8098275
4543,13.8,125,3.0,21.0052566,105.8047593
4544,4.9,57,2.0,16.003764,108.2089201
4545,47.0,84,7.0,20.8775211,105.6699945
4546,18.0,60,4.0,21.0012553,105.8224763
4547,16.0,47,3.0,20.9968956,105.8248437
4548,28.6,110,28.0,20.1207716,105.8490068
4549,18.0,50,3.0,20.9973796,105.7988001
4550,19.0,55,4.0,20.9973796,105.7988001
4551,24.6,65,5.0,16.003764,108.2089201
4552,53.0,86,5.0,20.9973358,105.8098275
4553,19.6,55,5.0,20.9883052,105.805355
4554,24.5,65,9.0,16.003764,108.2089201
4555,24.6,72,8.0,20.9883052,105.805355
4556,28.0,75,10.0,20.1207716,105.8490068
4557,16.0,47,4.0,20.9968956,105.8248437
4558,12.0,45,4.0,20.9968956,105.8248437
4559,18.0,50,5.0,21.0012553,105.8224763
4560,16.0,53,4.0,20.9895322,105.8342424
4561,16.0,55,4.0,20.9895322,105.8342424
4562,22.8,65,4.0,21.0012553,105.8224763
4563,21.0,55,5.0,20.9968956,105.8248437
4564,25.0,75,4.0,21.0012553,105.8224763
4565,12.8,48,4.0,21.0012553,105.8224763
4566,15.0,46,2.0,20.9998915,105.8210841
4567,39.0,90,4.0,20.9895322,105.8342424
4568,12.0,48,4.0,20.9998915,105.8210841
4569,24.0,80,4.0,20.9998915,105.8210841
4570,25.0,90,22.0,21.0027959,105.8108297
4571,13.0,46,3.0,20.9998915,105.8210841
4572,24.5,63,9.0,16.003764,108.2089201
4573,18.8,60,6.0,20.9998915,105.8210841
4574,16.0,60,4.0,21.0012553,105.8224763
4575,9.8,31,3.0,20.9896085,105.8130555
4576,19.8,50,3.0,20.8775211,105.6699945
4577,12.0,42,4.0,20.9942546,105.7964393
4578,22.8,56,5.0,20.9968956,105.8248437
4579,18.9,52,6.0,20.9998915,105.8210841
4580,13.3,54,5.0,10.7791664,106.9579212
4581,11.8,38,4.0,21.0027959,105.8108297
4582,10.95,43,3.0,21.0020229,105.821533
4583,12.6,40,3.0,10.7791664,106.9579212
4584,15.5,42,3.0,16.4794375,107.606776
4585,15.2,42,3.0,20.9896085,105.8130555
4586,14.5,54,4.0,20.9968956,105.8248437
4587,14.0,48,4.0,21.0020229,105.821533
4588,18.5,50,3.0,20.9883052,105.805355
4589,7.6,36,3.0,21.0027959,105.8108297
4590,16.8,50,6.0,20.1207716,105.8490068
4591,10.0,57,5.0,20.1207716,105.8490068
4592,14.5,43,6.0,20.1207716,105.8490068
4593,5.2,20,3.0,20.1207716,105.8490068
4594,17.5,50,2.0,20.1207716,105.8490068
4595,9.95,39,5.0,20.1207716,105.8490068
4596,4.0,40,2.0,20.9883052,105.805355
4597,21.0,51,4.0,20.9883052,105.805355
4598,1.95,25,3.0,20.9883052,105.805355
4599,6.75,38,8.0,20.1207716,105.8490068
4600,11.8,47,6.0,21.0020229,105.821533
4601,10.5,44,6.0,20.9994726,105.8250068
4602,13.0,46,5.0,20.9883052,105.805355
4603,7.5,76,3.0,20.9663866,105.7655272
4604,12.3,67,15.0,20.9663866,105.7655272
4605,5.8,50,3.0,21.0027959,105.8108297
4606,7.5,46,7.0,20.1207716,105.8490068
4607,9.8,58,12.0,20.1207716,105.8490068
4608,7.18,43,4.0,21.0020229,105.821533
4609,7.99,58,3.0,21.0020229,105.821533
4610,16.8,74,18.0,20.9663866,105.7655272
4611,1.75,30,2.0,20.9803792,105.8030522
4612,10.2,38,4.0,16.4794375,107.606776
4613,6.8,30,4.0,20.9895322,105.8342424
4614,7.2,28,3.0,20.9883052,105.805355
4615,6.6,30,3.0,20.9803792,105.8030522
4616,7.6,36,6.0,21.0027959,105.8108297
4617,15.1,68,14.0,20.9663866,105.7655272
4618,12.0,127,4.0,20.9803792,105.8030522
4619,9.5,52,5.0,20.9803792,105.8030522
